label,predicted_raw,scores
0,0,0.6415
0,2,0.5112
0,0,0.9241
1,2,0.9646
0,0,0.896
1,0,0.7013
1,2,0.4412
1,3,0.6443
1,3,0.509
1,2,0.7545
0,3,0.3814
0,3,0.5477
1,2,0.7722
1,0,0.5172
0,2,0.4781
0,3,0.5486
1,2,0.9372
0,0,0.7011
0,0,0.4526
0,0,0.3986
1,2,0.9027
1,2,0.8166
1,2,0.7102
1,2,0.6676
1,0,0.5172
1,2,0.5185
0,0,0.5855
0,2,0.4589
0,2,0.3872
1,2,0.9652
1,2,0.6316
0,0,0.9248
0,0,0.5754
0,0,0.3643
0,0,0.638
1,2,0.5422
1,2,0.8414
0,2,0.5583
1,0,0.4442
0,3,0.6156
0,2,0.4339
0,1,0.521
0,3,0.6305
0,3,0.5282
0,2,0.7562
1,2,0.9641
1,0,0.5499
1,2,0.71
1,2,0.8944
0,2,0.6575
1,2,0.8949
0,0,0.8279
1,3,0.5308
1,2,0.7458
1,2,0.7557
0,0,0.3916
1,2,0.9276
1,2,0.8393
0,2,0.9497
0,2,0.765
1,3,0.5089
1,2,0.6078
0,2,0.7023
1,0,0.6882
1,2,0.8909
0,2,0.8477
0,3,0.418
1,2,0.9051
0,0,0.4931
0,2,0.8174
1,2,0.8778
0,0,0.4797
1,2,0.4609
1,2,0.762
0,1,0.4708
1,2,0.4951
1,2,0.8629
0,2,0.8161
0,2,0.777
1,2,0.7046
1,2,0.9497
0,2,0.613
0,2,0.7368
1,2,0.5906
0,3,0.6905
0,0,0.719
1,0,0.5957
1,2,0.5594
1,2,0.8425
0,3,0.5986
1,3,0.427
0,2,0.8083
1,2,0.7436
1,2,0.4739
0,3,0.6478
1,3,0.4461
1,0,0.4107
0,0,0.6107
1,3,0.5553
1,3,0.7268
1,2,0.3375
0,2,0.47
0,2,0.5174
1,2,0.9402
1,0,0.5261
0,0,0.9062
1,2,0.3647
1,2,0.5309
0,2,0.5474
0,0,0.9316
0,3,0.7106
0,2,0.8531
0,2,0.6569
0,0,0.5348
1,2,0.3415
1,2,0.9304
1,2,0.8627
0,2,0.5407
1,2,0.9729
1,2,0.7048
0,2,0.8983
1,2,0.7941
1,3,0.6289
0,2,0.7289
0,0,0.3881
1,2,0.6812
1,2,0.7362
0,2,0.9706
1,2,0.8785
1,0,0.4083
1,2,0.9323
1,2,0.8042
0,2,0.9221
1,3,0.6234
1,0,0.5923
1,0,0.5849
1,0,0.4645
1,2,0.8219
0,0,0.9219
1,2,0.8282
0,0,0.5237
1,2,0.6645
1,3,0.5556
1,0,0.7196
1,2,0.5602
0,0,0.652
0,0,0.7327
1,2,0.6691
0,0,0.5125
0,4,0.4276
0,2,0.6742
1,2,0.4338
1,2,0.6938
0,2,0.3449
0,0,0.7463
1,2,0.5464
0,2,0.8437
0,3,0.4719
0,3,0.6876
1,2,0.4541
0,0,0.3444
1,2,0.8333
0,2,0.8226
0,3,0.2833
1,2,0.6088
1,2,0.6921
1,2,0.953
1,3,0.6589
0,3,0.6196
1,2,0.8665
1,2,0.4855
1,2,0.8948
1,3,0.4768
0,0,0.3704
0,0,0.5255
0,0,0.7868
1,0,0.5519
1,0,0.4523
0,2,0.4515
1,2,0.7143
1,2,0.3567
0,3,0.649
0,0,0.5754
0,0,0.7946
0,3,0.5106
0,0,0.847
0,3,0.5578
1,2,0.7316
0,0,0.5857
0,0,0.3924
1,2,0.6641
1,2,0.9105
1,2,0.6194
1,2,0.9693
0,2,0.7603
0,3,0.5459
1,2,0.7252
1,2,0.8064
0,0,0.934
0,0,0.6783
1,2,0.8295
0,2,0.8009
0,0,0.5652
1,2,0.8934
0,3,0.5778
0,0,0.8475
1,2,0.6191
1,3,0.4959
0,0,0.4145
1,2,0.7803
0,2,0.8896
0,2,0.8445
0,0,0.4553
0,0,0.8252
1,3,0.3963
1,2,0.8428
0,0,0.4054
0,2,0.739
0,0,0.4602
0,2,0.5084
0,3,0.6234
0,0,0.7989
0,2,0.7527
1,2,0.5656
1,2,0.8686
0,2,0.7263
1,2,0.6524
0,0,0.9004
1,0,0.6638
1,0,0.2856
1,3,0.4348
1,3,0.4155
1,2,0.5408
0,2,0.5939
0,2,0.4906
1,2,0.7468
1,3,0.4844
1,2,0.9785
1,2,0.9388
0,0,0.5492
1,2,0.4194
0,2,0.7762
0,2,0.896
1,0,0.5197
0,0,0.5902
0,0,0.5822
1,2,0.8729
0,3,0.6111
1,2,0.5679
0,3,0.7834
1,2,0.9741
1,2,0.9146
1,2,0.5076
0,3,0.5068
1,2,0.7895
1,3,0.4822
0,1,0.6168
1,4,0.3781
1,2,0.829
0,2,0.5946
0,2,0.4407
0,2,0.6547
0,3,0.6842
1,2,0.6474
1,0,0.6225
1,3,0.7108
0,0,0.7771
1,0,0.4318
0,2,0.9487
0,2,0.5141
0,0,0.4571
0,2,0.6716
1,2,0.4684
1,0,0.4828
0,2,0.853
0,3,0.4491
0,0,0.3727
1,2,0.5384
0,0,0.6486
1,2,0.7163
1,2,0.9191
1,2,0.9725
0,0,0.8585
1,2,0.5386
1,2,0.5915
1,2,0.6379
0,2,0.7758
1,2,0.8928
0,2,0.6405
1,3,0.5014
1,0,0.6358
0,3,0.4529
1,2,0.9045
1,2,0.7726
0,0,0.6148
1,2,0.509
1,2,0.8198
1,2,0.7941
1,2,0.5985
1,0,0.489
0,3,0.552
0,3,0.6696
0,2,0.7936
0,0,0.6746
1,2,0.7021
0,3,0.6554
0,3,0.7022
1,2,0.7354
1,2,0.5296
1,2,0.955
0,3,0.9265
0,0,0.3599
1,2,0.9376
1,2,0.8412
1,0,0.3187
1,2,0.69
0,2,0.9009
1,2,0.9404
1,2,0.8621
1,0,0.3678
0,2,0.3041
1,2,0.8227
0,0,0.6795
0,2,0.6728
1,2,0.5353
0,2,0.7083
0,2,0.4309
0,0,0.4074
1,2,0.8367
0,3,0.5587
0,0,0.8116
0,2,0.9421
0,3,0.5127
0,2,0.7415
0,2,0.4619
1,2,0.9225
1,2,0.6432
1,2,0.5584
0,0,0.9263
1,2,0.8296
1,2,0.5609
1,2,0.9783
1,2,0.8971
0,3,0.5312
0,2,0.4373
1,2,0.5701
1,2,0.9372
0,3,0.5763
1,2,0.9476
0,2,0.8556
0,3,0.5292
0,2,0.6419
0,2,0.7086
0,2,0.976
0,3,0.312
1,2,0.9348
0,3,0.5509
1,0,0.6496
1,2,0.6553
1,2,0.6217
0,3,0.428
0,2,0.5043
1,2,0.8809
1,2,0.9765
0,2,0.7524
1,2,0.919
1,2,0.6912
0,0,0.9495
1,0,0.5946
1,2,0.6869
1,3,0.4736
0,3,0.8971
1,2,0.7826
0,0,0.4699
0,0,0.5118
0,0,0.72
1,2,0.7413
0,0,0.5686
1,2,0.8977
1,2,0.7819
1,2,0.7955
0,2,0.5518
1,2,0.7137
1,2,0.541
0,2,0.4643
1,2,0.6752
0,2,0.5318
1,0,0.4586
1,3,0.5708
0,3,0.5321
1,2,0.7386
0,3,0.8637
1,2,0.714
1,2,0.9257
0,0,0.4964
0,0,0.8419
0,3,0.5322
0,2,0.8271
0,2,0.7169
1,0,0.4882
0,0,0.6403
0,3,0.6146
1,2,0.8715
1,2,0.7727
0,0,0.7505
0,3,0.5757
1,2,0.9081
1,2,0.8627
0,3,0.4924
0,0,0.7745
0,2,0.8809
1,0,0.8526
1,0,0.4776
1,3,0.3757
0,0,0.5182
1,2,0.5583
1,2,0.7568
1,2,0.8677
0,0,0.4006
0,2,0.5898
1,2,0.5804
0,2,0.6322
0,2,0.9408
0,3,0.7112
0,2,0.5789
0,0,0.4607
1,0,0.3496
1,2,0.7033
1,2,0.6656
1,2,0.9214
0,0,0.5367
0,0,0.8891
1,3,0.7927
0,0,0.8936
0,0,0.6349
0,2,0.4804
1,2,0.8152
0,3,0.6732
0,0,0.8716
1,0,0.5104
1,2,0.4461
0,0,0.7026
0,2,0.5175
0,0,0.5036
1,2,0.9363
1,3,0.5586
0,2,0.4854
0,2,0.6747
1,2,0.6063
1,2,0.8457
0,2,0.9152
1,2,0.8865
1,3,0.2867
0,0,0.5316
0,3,0.7783
0,3,0.5471
0,3,0.6834
0,2,0.4573
0,0,0.8936
1,2,0.7808
0,0,0.3854
1,0,0.846
1,2,0.9647
0,0,0.9434
0,2,0.9116
0,2,0.6074
0,2,0.8124
0,0,0.7801
0,2,0.5071
0,0,0.8486
0,2,0.3939
0,2,0.6546
0,2,0.6635
1,2,0.9724
0,0,0.58
0,2,0.7844
1,2,0.95
1,2,0.5209
0,0,0.4238
0,0,0.3365
1,3,0.6341
1,2,0.9613
1,2,0.4654
0,3,0.6484
1,2,0.914
1,2,0.7747
1,3,0.4004
1,2,0.4926
1,2,0.5044
1,3,0.3793
0,0,0.9177
0,0,0.5924
0,0,0.6553
1,2,0.8534
1,2,0.714
0,0,0.4741
0,3,0.5042
1,2,0.517
1,2,0.4194
0,0,0.7424
1,0,0.6745
1,2,0.9624
1,2,0.9358
1,3,0.5268
1,2,0.6288
0,2,0.61
0,3,0.4027
0,3,0.5048
1,2,0.9542
1,2,0.7396
1,0,0.9021
1,2,0.8924
1,2,0.7736
1,2,0.9172
0,2,0.9024
1,2,0.753
1,2,0.545
0,3,0.4362
0,3,0.606
0,3,0.8395
1,2,0.786
1,3,0.4927
1,2,0.5459
1,0,0.5197
1,2,0.6357
0,0,0.672
1,2,0.5382
0,0,0.7898
0,2,0.7502
1,2,0.872
0,2,0.4971
1,2,0.697
0,3,0.4684
1,2,0.9137
0,2,0.4975
0,0,0.6306
0,2,0.5485
1,2,0.8863
0,0,0.7139
0,2,0.5356
1,2,0.6818
1,2,0.5355
1,2,0.5302
1,2,0.7717
1,2,0.4601
1,3,0.3557
1,2,0.8353
0,0,0.549
1,2,0.5119
1,0,0.6513
1,2,0.3662
0,3,0.7932
0,0,0.846
1,2,0.6577
1,3,0.4444
0,0,0.867
0,0,0.4159
0,2,0.6367
0,2,0.6172
0,2,0.3936
1,2,0.5265
1,2,0.8066
0,2,0.7266
1,3,0.4835
1,2,0.8726
0,0,0.8705
0,0,0.9366
0,2,0.4242
0,3,0.5469
1,3,0.659
0,3,0.5101
0,2,0.6262
0,0,0.8784
0,2,0.5348
0,2,0.7654
1,3,0.8326
1,2,0.9065
1,2,0.7679
0,0,0.5106
0,0,0.4988
1,2,0.9648
0,2,0.6104
0,1,0.5952
1,2,0.7953
1,2,0.6835
0,2,0.6308
1,2,0.9457
1,2,0.5975
0,2,0.8178
0,0,0.6926
1,2,0.5503
1,3,0.5015
1,2,0.8308
1,0,0.7101
1,0,0.4112
1,2,0.4897
0,3,0.5589
0,2,0.9486
1,2,0.4642
1,2,0.8654
0,0,0.8228
1,2,0.9627
0,0,0.7161
1,2,0.7086
0,3,0.4787
1,2,0.5064
0,2,0.7147
1,2,0.7487
1,2,0.5224
0,2,0.458
1,2,0.8797
0,2,0.6302
1,3,0.3938
0,2,0.7197
0,0,0.9024
1,3,0.6766
1,2,0.8526
0,0,0.8077
1,2,0.85
0,0,0.5649
1,0,0.5403
0,2,0.7163
1,2,0.8933
1,2,0.927
0,2,0.7576
0,3,0.5971
1,2,0.8024
1,2,0.6982
1,2,0.8571
1,0,0.5476
1,3,0.3647
1,2,0.8676
1,2,0.7017
0,3,0.4833
0,2,0.7656
0,0,0.7611
1,2,0.8204
0,0,0.6318
0,3,0.528
0,0,0.5255
0,3,0.5498
0,2,0.8436
0,2,0.7054
1,2,0.8487
1,2,0.8877
0,2,0.8641
0,0,0.6017
0,0,0.626
0,3,0.6191
1,2,0.8468
1,0,0.6246
1,2,0.7516
1,2,0.7654
0,2,0.4663
1,2,0.7453
0,0,0.672
0,0,0.5351
0,3,0.4973
1,3,0.4593
0,2,0.7129
0,2,0.8548
1,2,0.5763
0,0,0.8427
0,3,0.7711
1,2,0.6134
1,3,0.3943
1,2,0.7507
1,2,0.9629
0,2,0.7969
1,2,0.8714
0,3,0.6728
1,2,0.4593
1,2,0.7597
0,3,0.5353
0,2,0.5799
0,3,0.7766
1,2,0.8069
0,3,0.5928
0,2,0.4967
1,2,0.4322
0,3,0.3592
0,2,0.915
0,0,0.9061
0,0,0.7273
0,2,0.617
0,3,0.7266
1,3,0.4335
1,2,0.9743
0,2,0.7155
0,0,0.8017
0,2,0.6128
0,2,0.7331
1,2,0.6634
1,3,0.5963
1,2,0.5773
0,0,0.4167
1,0,0.8295
0,2,0.6892
1,2,0.854
1,0,0.6849
1,3,0.5011
0,3,0.8504
1,2,0.7133
0,3,0.4065
0,2,0.6989
1,2,0.5581
1,3,0.5467
0,2,0.5474
0,0,0.4352
0,2,0.4828
0,0,0.5805
1,0,0.4106
1,2,0.5768
1,2,0.8549
1,2,0.9584
1,2,0.5889
1,2,0.7981
0,0,0.7748
0,2,0.8222
0,2,0.7064
1,2,0.6282
1,2,0.5603
1,3,0.7426
1,2,0.4486
1,2,0.8395
0,0,0.762
0,2,0.7727
0,3,0.5616
1,3,0.6776
0,2,0.8691
1,2,0.9637
0,2,0.3944
1,2,0.8593
0,2,0.5496
1,2,0.9508
0,3,0.7104
0,2,0.7841
1,3,0.4645
1,2,0.9067
1,3,0.7768
0,3,0.6068
0,2,0.7478
0,2,0.5512
0,2,0.3927
0,3,0.5293
0,3,0.8262
0,0,0.7045
0,2,0.5721
0,0,0.5718
0,2,0.6467
1,0,0.4433
1,3,0.4113
1,2,0.8114
1,3,0.8252
1,2,0.8114
1,2,0.5201
1,2,0.4668
0,3,0.4832
1,2,0.9704
0,2,0.4449
1,3,0.4351
1,0,0.7271
0,2,0.8535
1,2,0.7273
1,1,0.7458
1,2,0.3351
0,2,0.857
0,2,0.428
1,2,0.9403
1,2,0.5984
0,3,0.538
0,3,0.5903
0,0,0.4379
0,0,0.9244
0,0,0.4785
0,2,0.5566
1,3,0.6384
0,3,0.5326
0,2,0.8644
0,2,0.6963
0,2,0.3761
1,0,0.6078
1,2,0.9044
1,3,0.6095
1,0,0.4519
1,2,0.6783
0,0,0.7415
1,2,0.868
0,2,0.8104
0,2,0.5601
1,2,0.6601
1,2,0.5938
0,0,0.404
1,3,0.4773
0,0,0.4542
0,2,0.8723
0,2,0.5372
0,3,0.5129
1,2,0.8134
0,0,0.3954
1,2,0.725
0,3,0.867
0,0,0.4282
1,2,0.6744
0,0,0.6605
0,3,0.5504
0,2,0.5693
1,0,0.509
0,2,0.5946
0,2,0.7356
0,0,0.6833
1,2,0.9109
1,2,0.7585
1,2,0.9185
1,2,0.4963
1,0,0.687
0,2,0.4796
0,0,0.7414
1,2,0.7569
0,0,0.5047
0,2,0.6208
0,2,0.3686
1,0,0.6753
1,0,0.5996
0,0,0.8161
0,0,0.4066
1,2,0.783
1,2,0.8315
0,2,0.5313
0,2,0.7193
1,3,0.7075
1,3,0.3786
0,0,0.5958
1,3,0.4662
0,3,0.4417
1,0,0.4736
1,3,0.6311
0,0,0.8208
0,2,0.4507
0,2,0.6974
1,2,0.5243
0,2,0.6066
1,3,0.5683
1,2,0.824
0,2,0.8539
0,2,0.5837
0,2,0.4879
0,3,0.7847
0,2,0.5007
1,0,0.8575
0,2,0.7857
1,2,0.7751
0,2,0.7553
0,2,0.6809
0,2,0.7243
1,2,0.7628
1,2,0.8806
1,2,0.4299
1,2,0.6592
0,2,0.5396
0,2,0.6561
0,3,0.3944
1,2,0.6157
0,0,0.9123
1,0,0.4704
1,2,0.8553
0,2,0.4723
1,2,0.9046
0,2,0.6717
1,2,0.8049
1,2,0.8696
0,2,0.927
0,2,0.7023
0,3,0.5478
1,0,0.6627
0,0,0.7291
1,2,0.6616
1,2,0.4471
0,2,0.5205
1,2,0.7834
0,3,0.5436
0,0,0.6765
0,0,0.6976
1,2,0.9729
0,0,0.9076
0,0,0.7744
0,0,0.6842
0,0,0.6967
0,0,0.6638
0,2,0.7548
1,2,0.7702
0,0,0.4948
0,2,0.5316
0,2,0.8214
0,2,0.4738
1,3,0.5401
1,0,0.5506
0,3,0.4482
1,0,0.5875
1,0,0.3963
1,0,0.5557
1,2,0.5524
0,3,0.5811
0,3,0.5256
1,2,0.7522
0,0,0.4653
1,2,0.7649
0,0,0.5993
0,2,0.7385
0,2,0.743
1,2,0.7991
0,3,0.5724
1,3,0.6621
1,3,0.5396
1,2,0.502
0,2,0.8067
1,0,0.5687
0,2,0.4322
1,2,0.8969
0,2,0.4727
1,3,0.552
1,2,0.9645
0,0,0.5189
1,2,0.9114
1,2,0.8242
0,3,0.5013
0,2,0.922
0,2,0.6915
1,2,0.6171
0,2,0.6377
0,0,0.5715
1,0,0.4693
0,2,0.6141
1,2,0.894
0,2,0.4164
1,2,0.6331
0,2,0.512
0,2,0.9103
1,2,0.4956
0,0,0.4273
1,2,0.4955
0,3,0.5478
0,2,0.5105
0,2,0.6089
0,2,0.8677
0,2,0.8358
1,2,0.826
1,2,0.6111
1,2,0.8266
1,3,0.573
0,2,0.6129
0,0,0.6899
0,3,0.7034
0,2,0.5403
0,0,0.5217
0,2,0.8722
1,2,0.8895
0,3,0.7424
0,2,0.6279
0,2,0.3601
1,3,0.4769
0,2,0.6951
1,0,0.4778
0,2,0.8599
0,2,0.7386
1,2,0.9636
1,3,0.6679
0,3,0.5035
1,2,0.7926
0,0,0.5513
0,2,0.5751
0,2,0.5751
0,2,0.6677
1,0,0.7034
1,2,0.8872
1,2,0.6008
0,0,0.4714
1,3,0.6685
0,3,0.5735
0,2,0.881
1,3,0.4525
0,2,0.9038
0,3,0.8902
1,2,0.752
1,2,0.7258
1,2,0.8212
0,2,0.9121
1,0,0.4688
0,0,0.6305
0,0,0.9083
0,2,0.7412
1,2,0.6556
1,2,0.6696
0,2,0.885
1,0,0.5927
0,3,0.5813
1,2,0.7665
1,3,0.4136
0,3,0.4768
0,2,0.4612
1,3,0.5452
1,3,0.5802
0,0,0.5327
0,2,0.6574
0,3,0.6024
1,2,0.7017
1,2,0.3232
1,2,0.8584
1,0,0.4987
0,3,0.5778
0,3,0.6118
0,2,0.8913
1,3,0.412
0,3,0.6682
0,0,0.9354
1,2,0.8616
0,2,0.4779
1,0,0.4807
1,3,0.4701
1,2,0.7981
0,0,0.4519
0,2,0.8216
1,3,0.606
1,2,0.8587
0,2,0.6066
0,3,0.5475
0,3,0.634
0,3,0.4571
1,0,0.5505
0,0,0.6666
1,0,0.6031
0,2,0.905
1,2,0.918
1,2,0.4188
1,2,0.829
1,2,0.8752
0,2,0.8443
0,3,0.5216
1,2,0.599
0,0,0.8489
0,0,0.8738
1,0,0.8457
1,2,0.7307
0,4,0.4689
1,2,0.4735
0,2,0.8869
1,3,0.538
0,0,0.6568
0,3,0.4065
1,0,0.5606
0,3,0.6338
1,2,0.9635
1,2,0.7
1,3,0.7239
1,2,0.908
1,2,0.7717
1,2,0.7994
1,3,0.5775
1,3,0.6685
1,2,0.7916
1,3,0.4884
1,0,0.4036
1,2,0.5894
0,0,0.4162
1,0,0.5008
0,0,0.9231
0,2,0.7081
1,2,0.5727
1,2,0.7087
1,2,0.7676
1,2,0.8577
0,2,0.6047
0,2,0.4679
1,2,0.8783
1,2,0.7274
0,3,0.3889
1,3,0.3651
1,3,0.5685
0,2,0.5047
1,3,0.4643
0,3,0.4903
1,2,0.4756
0,2,0.9126
1,3,0.7078
1,2,0.9651
1,3,0.5528
1,2,0.3723
1,2,0.5762
1,2,0.7864
1,2,0.9096
1,2,0.5832
1,2,0.7284
1,2,0.9604
1,3,0.7017
0,2,0.5575
1,2,0.8019
0,3,0.8524
0,2,0.4662
1,0,0.7716
1,2,0.5074
0,3,0.5557
0,0,0.7085
0,2,0.5463
1,0,0.6062
0,2,0.4891
0,2,0.5918
0,0,0.8439
1,2,0.7768
1,0,0.4225
1,2,0.712
0,2,0.7796
0,2,0.8602
1,2,0.5841
0,0,0.4213
1,2,0.871
0,3,0.2792
1,2,0.8834
1,2,0.8333
1,2,0.7587
1,3,0.5098
0,0,0.6629
1,2,0.7224
0,0,0.5757
1,2,0.7923
1,2,0.6461
1,2,0.4962
0,4,0.452
0,2,0.8092
1,3,0.3585
0,0,0.452
0,2,0.5897
1,2,0.6829
0,0,0.7349
1,2,0.5945
1,3,0.653
1,2,0.5167
1,2,0.9694
0,0,0.8037
1,3,0.3916
0,2,0.4956
0,0,0.6919
1,2,0.4819
1,0,0.6911
1,2,0.79
0,0,0.77
0,4,0.2991
0,0,0.5518
1,0,0.6522
0,2,0.5762
0,0,0.5215
1,0,0.489
1,2,0.5222
0,2,0.5071
1,2,0.6263
0,0,0.4373
1,3,0.4647
1,0,0.7099
0,2,0.7333
0,3,0.3827
0,3,0.5367
1,2,0.695
0,2,0.6554
0,0,0.6064
1,2,0.9632
0,2,0.7865
0,3,0.5729
1,2,0.8159
1,0,0.3914
1,0,0.465
1,3,0.408
0,2,0.6805
1,2,0.9013
0,3,0.8405
1,0,0.5144
0,0,0.6943
1,2,0.8982
0,2,0.6456
0,2,0.6691
1,2,0.8362
0,0,0.6886
1,2,0.6395
0,3,0.5868
0,4,0.2874
0,2,0.5843
1,2,0.6429
0,3,0.5888
1,2,0.6684
1,2,0.9343
1,2,0.6858
0,2,0.625
1,2,0.5285
1,2,0.9377
1,0,0.4422
1,2,0.891
1,2,0.9706
1,0,0.7905
0,2,0.6554
1,2,0.5534
1,0,0.6524
0,0,0.4109
0,0,0.6028
1,2,0.6535
1,2,0.8264
1,2,0.7899
0,2,0.6053
0,0,0.8323
0,4,0.4826
0,0,0.4977
1,0,0.3077
0,2,0.6253
1,2,0.8488
1,2,0.5629
1,2,0.9197
1,2,0.7676
0,3,0.3343
1,2,0.6861
1,2,0.3646
0,2,0.7695
1,0,0.525
0,2,0.5284
1,2,0.5853
1,2,0.8215
0,2,0.6196
1,0,0.4062
1,2,0.7576
1,2,0.5721
0,2,0.4298
1,2,0.5021
1,2,0.8526
1,2,0.7676
1,0,0.482
1,2,0.8225
0,0,0.5769
1,2,0.8767
0,3,0.943
0,2,0.6271
1,0,0.5678
0,0,0.7901
0,2,0.6165
0,0,0.5831
1,2,0.5836
1,2,0.825
1,2,0.4469
1,2,0.4728
0,2,0.5092
1,2,0.7134
0,0,0.5066
0,4,0.3649
1,2,0.8897
0,2,0.5295
1,2,0.726
1,2,0.4981
1,0,0.4531
0,0,0.5483
1,2,0.779
0,2,0.8449
1,0,0.5674
0,2,0.5174
1,2,0.5012
0,3,0.5098
1,2,0.7022
0,2,0.6475
0,0,0.4178
1,3,0.357
0,0,0.8252
1,2,0.9617
0,3,0.3867
0,3,0.5758
1,2,0.8999
1,2,0.4232
0,2,0.7932
1,3,0.5817
1,2,0.5043
1,2,0.8496
1,2,0.9456
0,2,0.6323
0,2,0.5358
1,2,0.4863
1,2,0.522
1,2,0.7532
0,0,0.7737
1,2,0.8918
0,2,0.5019
1,2,0.7672
0,3,0.5811
0,2,0.5412
1,3,0.3895
0,2,0.7825
1,2,0.6385
0,2,0.7613
0,2,0.8605
1,2,0.8527
0,3,0.7068
0,3,0.6484
1,2,0.8099
0,2,0.6172
1,2,0.8428
1,1,0.4039
1,2,0.9493
1,2,0.5596
0,2,0.4877
0,2,0.6431
1,0,0.616
0,0,0.7493
1,3,0.4543
0,2,0.7916
1,3,0.4567
1,2,0.9271
1,2,0.5744
0,2,0.9514
1,2,0.3982
0,0,0.5003
1,2,0.4335
1,3,0.3917
1,0,0.5768
0,0,0.8101
0,0,0.3318
1,0,0.4921
1,2,0.9461
1,2,0.6933
1,2,0.632
1,2,0.8768
1,2,0.6471
0,3,0.4357
1,2,0.5731
1,2,0.8536
0,3,0.591
1,2,0.491
0,3,0.479
1,2,0.861
0,2,0.8116
0,0,0.4534
0,2,0.5386
0,2,0.7282
0,3,0.4958
0,0,0.5156
0,2,0.8825
1,2,0.963
1,2,0.8147
0,2,0.4422
0,3,0.4547
0,0,0.6009
1,3,0.485
1,2,0.6214
1,2,0.6304
0,3,0.4906
1,2,0.6422
1,2,0.8735
1,2,0.6819
1,0,0.5221
0,0,0.3967
1,2,0.6649
0,2,0.4387
0,3,0.6384
1,2,0.8187
0,1,0.3538
0,0,0.5167
0,2,0.4659
1,2,0.9208
1,2,0.6989
0,3,0.4433
0,2,0.6377
0,3,0.4653
0,0,0.6674
0,3,0.6467
1,2,0.7221
0,0,0.713
1,3,0.4877
1,2,0.473
0,0,0.6026
0,3,0.4309
1,2,0.5829
0,2,0.6203
1,2,0.7805
0,2,0.869
0,2,0.737
0,2,0.3834
1,2,0.5368
0,2,0.5395
1,2,0.5288
0,0,0.8108
0,0,0.3251
1,2,0.88
0,0,0.8743
1,0,0.7323
0,0,0.7877
1,0,0.7653
0,2,0.5761
1,2,0.9253
1,2,0.5538
1,2,0.9431
0,2,0.8967
0,2,0.5043
1,2,0.4866
1,2,0.7391
1,3,0.5614
1,2,0.8611
1,2,0.4847
0,2,0.4327
0,2,0.927
1,3,0.7083
1,2,0.6338
0,2,0.8303
1,2,0.7814
1,2,0.5723
0,2,0.7365
1,0,0.5783
1,2,0.9238
1,2,0.7786
0,0,0.7535
0,1,0.3494
0,2,0.5924
0,2,0.8939
0,3,0.5014
1,2,0.8365
0,2,0.5801
0,2,0.6444
1,2,0.9202
1,2,0.7092
0,3,0.6566
0,0,0.4214
0,3,0.3614
1,2,0.7183
1,2,0.6268
1,0,0.6098
1,0,0.5106
0,2,0.3493
1,0,0.5849
1,0,0.7526
1,3,0.5542
0,0,0.464
1,3,0.3979
1,2,0.408
0,0,0.8726
0,0,0.5273
1,2,0.6672
1,0,0.5576
1,2,0.7455
1,2,0.8983
1,0,0.7083
0,0,0.6419
0,3,0.5458
1,2,0.6443
0,2,0.7119
1,2,0.4379
1,2,0.8257
1,2,0.3851
1,0,0.7611
1,3,0.4306
1,3,0.515
1,2,0.8253
1,0,0.5484
1,2,0.5009
1,2,0.862
1,3,0.4531
1,2,0.8839
0,0,0.8788
0,2,0.455
1,2,0.8995
1,2,0.9125
1,2,0.5976
1,2,0.778
1,2,0.7844
0,0,0.4194
1,3,0.5639
1,2,0.9364
1,2,0.3368
0,2,0.5337
1,3,0.3848
1,2,0.5407
1,0,0.341
1,2,0.6236
0,0,0.402
0,2,0.457
0,3,0.4737
1,2,0.8327
1,2,0.9226
0,0,0.8383
1,3,0.6207
0,2,0.6964
0,0,0.7727
1,2,0.9693
1,1,0.5156
0,2,0.5921
0,2,0.8588
1,2,0.7348
0,2,0.8
0,3,0.8116
1,2,0.8933
0,0,0.8749
0,2,0.6898
0,3,0.4724
1,2,0.4041
1,2,0.8954
0,0,0.5253
0,0,0.7771
1,2,0.6733
0,2,0.7009
1,2,0.8515
0,3,0.5285
0,3,0.5394
0,0,0.8491
1,2,0.7376
0,0,0.6622
0,0,0.9431
1,2,0.7482
1,2,0.8034
0,3,0.4222
0,2,0.5803
1,2,0.9209
0,0,0.7765
1,2,0.8915
0,0,0.487
1,2,0.8086
0,2,0.7295
0,0,0.7028
0,2,0.6984
1,2,0.78
0,0,0.7079
0,3,0.638
0,0,0.3537
1,3,0.5555
0,2,0.88
1,2,0.9347
0,0,0.7237
0,2,0.3823
1,3,0.5398
0,2,0.9206
1,0,0.6198
1,0,0.84
1,3,0.3875
1,2,0.5189
0,3,0.5615
1,2,0.8217
0,2,0.9559
0,2,0.5834
1,2,0.5242
1,2,0.6804
1,2,0.4513
0,3,0.5059
1,2,0.8377
1,3,0.6785
1,2,0.7469
1,2,0.4871
1,2,0.9439
1,2,0.7238
0,0,0.703
0,3,0.6822
1,2,0.5953
1,0,0.4519
1,2,0.9261
0,2,0.9395
0,2,0.5275
1,2,0.8469
0,0,0.8013
1,2,0.918
0,0,0.9164
1,3,0.5034
1,2,0.8859
1,3,0.8347
0,2,0.8801
0,0,0.4745
0,2,0.9057
0,0,0.8466
0,2,0.4675
0,3,0.41
0,3,0.5451
0,3,0.4685
1,2,0.6312
1,0,0.8083
1,2,0.6356
0,3,0.5704
1,3,0.43
1,2,0.6095
0,3,0.6059
0,2,0.931
0,0,0.6964
1,0,0.4985
1,2,0.8226
1,2,0.358
1,3,0.5451
0,2,0.9102
1,2,0.5766
1,2,0.8502
0,0,0.3562
0,0,0.6501
0,0,0.3379
1,3,0.7525
1,3,0.6589
1,2,0.5164
1,3,0.5513
1,2,0.5571
1,0,0.3979
1,2,0.8063
1,0,0.6582
0,0,0.592
0,2,0.6285
0,0,0.5883
1,2,0.7072
1,2,0.413
1,0,0.5608
1,2,0.4785
0,3,0.4368
1,2,0.8195
1,3,0.6187
1,3,0.4544
0,2,0.7711
0,2,0.6529
1,2,0.9778
1,2,0.6769
1,2,0.4386
0,2,0.658
0,0,0.5928
1,2,0.806
1,0,0.5038
1,2,0.4799
1,2,0.7341
1,0,0.5382
1,2,0.9461
0,3,0.3518
0,2,0.7298
0,0,0.6183
0,2,0.9123
0,0,0.6395
0,2,0.4927
1,2,0.6246
0,0,0.9036
1,0,0.2827
0,3,0.3546
0,2,0.5859
1,2,0.6254
0,2,0.5044
1,2,0.9273
0,2,0.6038
0,3,0.4896
0,0,0.3842
0,2,0.7092
1,3,0.4916
0,3,0.6003
1,2,0.7399
0,3,0.409
1,2,0.7139
0,2,0.8585
1,2,0.8299
1,2,0.6922
1,3,0.3692
1,2,0.7877
0,3,0.6071
0,0,0.798
1,2,0.9888
0,2,0.6972
0,3,0.5953
0,2,0.582
0,0,0.5387
0,2,0.4501
1,2,0.8538
1,2,0.8607
0,3,0.4903
0,0,0.8047
1,3,0.4506
1,2,0.7859
1,3,0.6639
1,2,0.9854
0,2,0.8858
1,2,0.9658
0,3,0.5933
0,0,0.9313
1,2,0.9084
1,2,0.4486
0,2,0.4785
0,0,0.5895
0,2,0.4328
1,2,0.6576
0,0,0.4718
1,2,0.4125
0,3,0.4981
1,2,0.9193
1,2,0.9124
1,2,0.9535
1,0,0.6383
1,2,0.5194
1,3,0.6388
1,2,0.6917
0,2,0.8121
0,2,0.7704
1,2,0.682
1,0,0.8091
1,2,0.8379
0,0,0.876
0,0,0.9161
1,3,0.6724
1,3,0.5541
0,2,0.7647
0,2,0.9086
0,3,0.5142
1,2,0.7071
0,3,0.5078
0,2,0.5289
1,2,0.9262
1,3,0.6022
1,2,0.3385
0,2,0.8998
1,2,0.5542
0,0,0.618
1,0,0.7444
1,2,0.7825
1,2,0.6255
0,0,0.5888
1,2,0.6547
1,2,0.3396
1,3,0.4652
1,0,0.2771
0,2,0.4139
1,2,0.7554
1,2,0.4774
0,2,0.9153
1,3,0.5016
0,3,0.616
0,3,0.5357
1,2,0.4636
0,2,0.4716
1,3,0.6124
1,2,0.8959
1,2,0.6668
1,0,0.7991
0,2,0.8548
1,3,0.6811
0,2,0.8133
1,2,0.8699
0,2,0.568
0,2,0.6969
0,2,0.6388
0,2,0.8591
1,2,0.4275
0,3,0.5751
1,2,0.8366
1,2,0.6903
1,2,0.9276
0,3,0.6545
1,2,0.6035
0,0,0.8248
0,2,0.4889
1,0,0.5591
1,2,0.6876
0,0,0.5398
0,3,0.5551
1,2,0.8221
1,3,0.5672
0,2,0.5069
0,2,0.5657
0,3,0.6493
1,2,0.4864
1,0,0.4543
0,3,0.8054
0,0,0.648
1,2,0.9643
0,0,0.7911
1,2,0.7673
1,3,0.7444
1,2,0.7582
0,3,0.3816
1,2,0.5931
0,0,0.7615
1,2,0.6018
1,2,0.8579
1,2,0.6196
1,2,0.5992
0,2,0.7241
0,3,0.3827
0,0,0.842
0,2,0.7085
1,0,0.4561
1,2,0.8436
1,2,0.5786
1,3,0.3691
0,2,0.7276
1,3,0.4176
1,2,0.7247
1,2,0.6935
1,2,0.8083
1,0,0.4295
0,0,0.4584
1,2,0.3758
0,2,0.3879
1,2,0.8733
1,2,0.7815
1,2,0.7713
1,2,0.9378
0,2,0.7959
0,2,0.7366
1,3,0.6755
0,0,0.5666
1,2,0.5613
0,2,0.6687
0,2,0.496
1,2,0.856
1,2,0.8924
0,0,0.9181
0,2,0.5229
0,0,0.8131
0,0,0.8489
1,2,0.4372
1,2,0.8715
0,0,0.3793
1,0,0.8147
1,0,0.6198
0,2,0.5861
0,3,0.5266
0,0,0.9535
1,3,0.5719
1,3,0.4701
0,2,0.6593
1,3,0.6076
1,2,0.9152
0,3,0.4817
0,0,0.4306
1,2,0.9015
0,0,0.7433
1,0,0.3717
1,2,0.8959
1,3,0.6015
1,2,0.9213
0,2,0.753
0,0,0.5114
1,2,0.6529
0,0,0.7266
1,0,0.7123
0,2,0.416
0,0,0.4882
1,2,0.8312
1,2,0.7037
1,2,0.7504
0,3,0.795
1,2,0.9064
0,3,0.6104
0,0,0.3471
1,0,0.3487
1,2,0.8785
0,2,0.7353
0,0,0.6901
1,3,0.3985
1,3,0.4648
1,2,0.5857
0,2,0.8311
0,2,0.8028
1,3,0.5415
1,2,0.7992
1,3,0.8489
0,0,0.87
0,3,0.5986
0,3,0.7856
1,2,0.8657
0,3,0.806
0,2,0.7244
0,2,0.857
1,2,0.806
1,2,0.7482
0,2,0.5982
0,2,0.5561
0,2,0.8674
1,2,0.8959
0,2,0.9253
1,0,0.5378
1,2,0.7399
0,2,0.9467
0,2,0.7135
1,2,0.6918
1,0,0.4065
1,2,0.6874
1,3,0.5089
1,2,0.9257
0,3,0.756
0,2,0.6723
1,2,0.8991
0,2,0.5783
0,0,0.9526
1,2,0.9703
0,3,0.4989
1,2,0.7605
0,2,0.837
1,2,0.6476
0,2,0.6392
1,2,0.6515
0,2,0.8959
0,2,0.5331
0,3,0.5329
1,2,0.5724
0,3,0.4226
0,3,0.6462
1,2,0.9931
1,2,0.9523
0,2,0.358
0,3,0.5428
0,2,0.7842
0,0,0.3091
0,2,0.69
0,2,0.7991
1,3,0.417
0,0,0.5737
0,2,0.9205
1,2,0.7884
1,2,0.55
0,2,0.4478
0,2,0.7989
1,0,0.3646
0,2,0.5917
0,0,0.557
0,3,0.5934
0,3,0.5212
0,2,0.3977
0,0,0.5266
1,2,0.6459
0,0,0.7547
1,3,0.5338
1,2,0.8836
1,2,0.47
1,2,0.8084
0,2,0.4022
1,0,0.5196
0,3,0.6694
0,2,0.4768
0,2,0.8909
1,0,0.4915
0,3,0.5863
0,2,0.7752
1,0,0.534
1,2,0.7748
0,3,0.6677
0,3,0.4475
1,2,0.8123
0,0,0.7846
1,2,0.6929
0,2,0.4036
0,2,0.7371
1,2,0.893
1,2,0.7624
0,3,0.564
1,2,0.6708
0,0,0.7916
0,0,0.56
0,2,0.6975
1,3,0.5994
0,2,0.3498
0,2,0.8425
1,2,0.6494
1,2,0.472
1,3,0.6467
1,2,0.8102
1,2,0.8682
0,2,0.5786
0,2,0.6741
1,2,0.4785
1,2,0.4179
1,2,0.6201
1,3,0.4614
1,2,0.7095
1,2,0.6569
1,2,0.9016
0,2,0.6581
1,2,0.5697
1,2,0.459
1,3,0.7032
0,2,0.7838
0,2,0.7677
1,2,0.6675
0,2,0.8192
1,2,0.8898
1,3,0.6381
0,3,0.3973
0,2,0.8008
1,2,0.6957
1,0,0.6302
0,3,0.6223
0,0,0.4916
0,2,0.8469
0,2,0.8918
0,2,0.7487
1,3,0.4003
1,2,0.656
1,0,0.5362
0,0,0.8531
1,2,0.4791
0,2,0.6361
0,2,0.8856
0,0,0.509
1,2,0.5701
0,2,0.4611
1,2,0.8682
1,2,0.687
0,3,0.73
0,0,0.4154
0,0,0.9002
1,2,0.6736
1,2,0.9665
1,2,0.8914
1,2,0.8872
0,2,0.6485
1,0,0.3989
0,0,0.4444
0,2,0.7633
1,2,0.6978
0,2,0.8808
1,2,0.8347
0,0,0.6576
1,2,0.9369
0,2,0.6422
0,0,0.5214
0,3,0.6417
1,2,0.4638
1,2,0.4514
1,2,0.7208
1,2,0.5726
1,2,0.8471
1,2,0.7508
1,2,0.3536
0,0,0.9072
1,0,0.7455
0,2,0.6882
1,0,0.6169
0,0,0.5079
0,2,0.519
0,0,0.8283
0,2,0.3629
0,3,0.5195
0,0,0.8694
0,0,0.6421
1,3,0.67
0,2,0.6028
0,3,0.497
1,2,0.6866
0,2,0.8315
0,0,0.8341
1,3,0.6931
1,2,0.9362
1,2,0.5084
0,2,0.8316
1,3,0.4916
1,2,0.8403
1,2,0.5847
1,0,0.6157
0,3,0.6325
0,2,0.9155
1,2,0.7912
1,2,0.851
0,0,0.2926
1,0,0.58
1,2,0.8889
1,2,0.6607
1,0,0.7236
0,2,0.9043
1,2,0.7541
1,2,0.7674
1,0,0.8603
1,0,0.5379
1,2,0.9034
0,2,0.7182
0,0,0.7093
0,0,0.7612
1,2,0.5672
0,2,0.7726
0,0,0.4341
1,2,0.4313
0,0,0.5395
0,2,0.7642
0,3,0.5674
1,2,0.5815
0,2,0.6387
1,0,0.5278
0,0,0.8479
1,3,0.5258
0,2,0.6257
0,2,0.5905
0,0,0.7109
1,2,0.9583
1,2,0.8239
0,0,0.5909
1,2,0.7542
0,0,0.9287
0,2,0.4367
0,2,0.8329
1,2,0.9547
1,2,0.976
0,0,0.8373
1,2,0.8451
1,2,0.9058
0,2,0.831
0,0,0.4509
1,2,0.6958
0,3,0.4628
0,3,0.5237
0,0,0.8553
1,0,0.6997
1,2,0.8521
0,3,0.653
0,2,0.7653
1,2,0.7557
0,3,0.599
0,0,0.7979
1,2,0.5859
0,2,0.3591
0,3,0.844
0,0,0.541
1,2,0.6739
1,3,0.3785
1,2,0.9219
1,2,0.8587
0,0,0.4631
0,3,0.4221
1,0,0.5153
0,0,0.4734
1,2,0.8551
0,0,0.656
1,2,0.4607
0,2,0.6299
1,2,0.7109
0,0,0.3646
1,0,0.5554
0,2,0.7172
1,2,0.5232
0,3,0.4871
1,2,0.6941
0,0,0.9411
0,2,0.8391
0,3,0.7723
1,2,0.5625
0,2,0.9183
0,2,0.5488
0,2,0.7491
0,3,0.4567
0,2,0.8075
0,2,0.536
1,2,0.9285
0,0,0.6756
1,2,0.7311
0,3,0.5274
0,0,0.86
0,2,0.9377
1,3,0.4637
0,3,0.5019
0,2,0.7227
0,0,0.7701
0,2,0.9217
1,3,0.5457
0,2,0.9113
1,0,0.4678
0,0,0.5396
0,2,0.8576
1,2,0.6829
1,2,0.8319
1,0,0.4124
0,3,0.4675
1,2,0.4973
1,2,0.6272
1,2,0.7561
1,0,0.5916
1,2,0.4446
0,0,0.5354
0,3,0.5058
1,2,0.484
1,0,0.6495
0,3,0.4437
0,0,0.6723
1,2,0.8723
1,2,0.5352
0,2,0.8728
1,2,0.7544
1,2,0.8646
0,0,0.8594
1,2,0.722
1,2,0.925
0,2,0.5855
0,3,0.459
1,2,0.4306
1,0,0.6869
0,0,0.5742
1,2,0.9527
0,0,0.5334
1,2,0.8485
0,3,0.5593
1,0,0.6416
1,2,0.7984
0,3,0.6435
1,2,0.6382
0,0,0.6301
1,2,0.6748
0,3,0.6714
0,2,0.4586
1,2,0.5999
1,3,0.8449
1,2,0.6774
0,0,0.4247
1,3,0.6603
1,3,0.4643
1,0,0.6442
1,2,0.9686
0,3,0.4616
0,0,0.7316
1,0,0.6348
1,2,0.8516
1,2,0.7064
1,0,0.5918
0,3,0.5011
1,0,0.839
1,2,0.9009
0,2,0.7074
1,2,0.8717
0,2,0.4921
1,2,0.7619
0,2,0.4905
0,3,0.4391
0,2,0.8016
1,3,0.5231
1,0,0.8309
1,2,0.8372
0,0,0.407
0,3,0.6175
0,2,0.8368
1,2,0.6606
1,2,0.5995
0,2,0.5217
1,2,0.779
1,3,0.3485
0,2,0.5786
1,0,0.5957
0,0,0.4418
0,0,0.8995
1,2,0.5521
0,0,0.76
1,3,0.5008
1,2,0.57
1,2,0.7588
1,2,0.3759
0,0,0.495
0,3,0.5594
1,0,0.4595
1,2,0.4471
0,0,0.398
1,2,0.893
1,2,0.8913
1,2,0.8522
1,2,0.4917
0,2,0.4478
0,3,0.685
0,0,0.5765
0,2,0.5979
1,2,0.7803
0,2,0.8166
0,3,0.6274
1,2,0.939
0,2,0.7148
1,2,0.7052
1,2,0.4931
0,0,0.8089
0,3,0.3828
0,2,0.8244
0,0,0.8124
1,2,0.4294
1,2,0.8527
0,2,0.6356
1,3,0.3821
0,2,0.785
1,0,0.4906
1,2,0.869
1,3,0.4421
1,0,0.5208
1,2,0.7573
1,3,0.6555
1,2,0.9246
1,0,0.4941
0,2,0.4088
1,2,0.7096
1,2,0.8453
0,0,0.6386
1,2,0.9617
0,2,0.644
0,2,0.8277
1,2,0.9067
1,2,0.6268
1,3,0.6715
1,2,0.9422
1,0,0.5309
1,2,0.6319
1,2,0.857
0,0,0.6747
1,2,0.7528
0,0,0.7972
0,3,0.4851
0,3,0.3754
0,2,0.8037
0,2,0.5085
0,3,0.4554
0,2,0.5153
0,3,0.5167
1,2,0.5995
1,0,0.4128
0,3,0.4362
0,2,0.6396
1,2,0.5751
0,2,0.6757
0,0,0.4282
1,0,0.5194
1,3,0.4949
1,2,0.8946
1,0,0.5613
0,3,0.3693
0,0,0.6866
1,3,0.454
0,2,0.5816
0,2,0.7294
0,3,0.5359
0,2,0.9317
1,3,0.5463
1,2,0.6753
0,0,0.6502
0,0,0.6087
0,0,0.9257
0,2,0.4874
0,2,0.847
1,2,0.8971
1,2,0.9213
0,3,0.5594
1,0,0.3663
1,2,0.8863
1,2,0.6444
0,0,0.5877
1,2,0.7054
0,0,0.6686
0,2,0.9027
1,2,0.6317
0,2,0.5897
1,2,0.7611
1,2,0.8769
1,2,0.493
0,3,0.5403
1,0,0.6139
0,0,0.6161
1,3,0.6307
1,0,0.8055
1,2,0.7364
0,0,0.7259
0,3,0.7162
0,2,0.5665
0,2,0.7092
0,3,0.4769
0,3,0.8861
0,2,0.5352
0,2,0.5337
1,2,0.851
1,3,0.5362
1,2,0.6107
1,3,0.5355
1,2,0.9602
1,3,0.3276
1,2,0.9516
1,2,0.405
1,0,0.61
1,2,0.9534
0,3,0.7352
1,2,0.7624
1,2,0.5612
1,2,0.434
0,2,0.5446
1,2,0.5741
0,2,0.4701
0,2,0.387
0,0,0.6828
0,2,0.5044
0,0,0.9493
0,0,0.5192
1,2,0.5062
1,2,0.897
1,0,0.392
0,2,0.5902
1,3,0.4648
1,2,0.7452
1,2,0.8882
1,0,0.4385
1,2,0.764
1,2,0.7703
1,2,0.9765
1,2,0.6232
0,3,0.4821
1,2,0.8957
1,2,0.8692
0,3,0.54
0,2,0.5637
0,3,0.7488
1,2,0.8056
0,0,0.3997
0,0,0.393
1,2,0.7427
0,2,0.6752
1,3,0.6547
0,0,0.6233
0,0,0.5847
0,0,0.4501
0,2,0.9079
1,2,0.6503
0,2,0.4707
0,0,0.6329
1,2,0.7546
1,2,0.8992
0,2,0.462
0,2,0.3792
0,0,0.4709
1,3,0.8058
1,2,0.5414
1,2,0.9501
0,2,0.7587
1,2,0.6764
1,2,0.7798
0,3,0.8011
1,2,0.7461
0,2,0.4072
0,2,0.6468
1,2,0.6618
0,3,0.4176
1,2,0.9515
0,0,0.6025
1,2,0.7026
0,2,0.6545
0,0,0.9162
1,2,0.5764
1,2,0.6268
1,2,0.6303
0,3,0.6425
0,2,0.9215
0,2,0.6041
1,2,0.9681
0,2,0.8546
1,3,0.4699
0,3,0.6172
1,2,0.3394
1,2,0.8368
0,2,0.5465
1,2,0.9477
0,2,0.4833
1,2,0.444
0,2,0.5048
0,3,0.4121
0,2,0.689
0,0,0.4805
1,2,0.8501
0,2,0.665
0,2,0.4778
0,3,0.4831
0,0,0.5898
0,3,0.719
0,2,0.3714
0,3,0.4657
0,2,0.7625
0,3,0.5542
1,2,0.7713
0,2,0.4418
0,2,0.8421
0,0,0.9176
0,0,0.9357
0,0,0.6782
0,0,0.5411
0,0,0.8559
0,0,0.4372
1,3,0.83
0,2,0.7374
0,2,0.8505
0,3,0.6109
1,0,0.6868
1,2,0.8258
1,2,0.3791
0,2,0.6509
0,3,0.7513
0,2,0.4869
1,2,0.4913
0,2,0.539
0,3,0.4734
0,0,0.5299
0,2,0.5645
0,2,0.5484
1,2,0.8395
1,2,0.8684
1,2,0.8086
0,3,0.7936
0,2,0.8345
1,0,0.3732
0,3,0.4733
1,3,0.5828
0,3,0.7212
0,0,0.8175
0,0,0.5148
0,2,0.87
0,3,0.3778
0,3,0.6101
0,0,0.5034
0,2,0.4922
0,0,0.7483
0,0,0.7258
0,2,0.4896
0,0,0.5698
1,2,0.8209
0,3,0.5088
0,2,0.8284
1,3,0.6359
1,2,0.5222
0,0,0.909
1,2,0.9042
0,0,0.4865
0,3,0.3348
1,0,0.5079
1,3,0.4657
1,2,0.9048
1,2,0.8288
0,3,0.4197
0,2,0.4475
0,0,0.4367
0,0,0.6517
0,3,0.9454
0,3,0.6426
0,0,0.9541
0,3,0.5607
0,0,0.4229
1,2,0.8741
1,2,0.8215
1,2,0.8778
0,2,0.7759
1,0,0.4145
0,0,0.4616
0,0,0.6051
1,2,0.6638
0,0,0.9063
1,2,0.4415
1,0,0.4101
1,0,0.8004
0,2,0.5671
0,3,0.6716
0,2,0.9517
0,2,0.7507
0,3,0.7042
1,2,0.8182
0,3,0.4793
0,2,0.9561
0,3,0.7115
1,2,0.8779
1,0,0.9463
0,2,0.6161
0,2,0.789
0,0,0.6703
0,2,0.4607
0,2,0.7667
1,2,0.5992
0,3,0.6397
1,2,0.7291
0,0,0.5095
0,2,0.5365
1,2,0.5441
1,2,0.9135
1,0,0.5179
1,2,0.5781
0,2,0.8626
0,2,0.3991
0,0,0.7193
1,2,0.9088
1,2,0.4495
0,2,0.4692
0,2,0.5375
1,3,0.6103
0,3,0.5055
1,0,0.7741
1,3,0.3756
0,2,0.777
1,2,0.5975
1,2,0.7819
1,2,0.9491
1,2,0.468
1,2,0.4314
1,2,0.9499
1,2,0.7421
0,2,0.5643
0,0,0.9162
1,2,0.4344
0,2,0.5648
1,3,0.4378
0,2,0.8616
1,3,0.5039
0,2,0.6123
1,2,0.8042
1,2,0.9611
0,0,0.7885
1,3,0.5242
0,2,0.6478
1,2,0.6104
0,2,0.8518
1,2,0.4311
0,2,0.9145
0,0,0.381
0,2,0.6837
1,2,0.8865
1,3,0.6922
0,0,0.8593
1,3,0.5515
1,3,0.6503
0,3,0.7994
1,2,0.8756
0,2,0.5571
0,2,0.809
1,2,0.464
1,4,0.4916
0,0,0.5111
0,0,0.5676
0,0,0.8038
1,2,0.472
0,0,0.6907
0,0,0.4307
1,2,0.775
0,0,0.5995
0,1,0.5002
1,2,0.6329
1,3,0.5762
1,0,0.5971
0,2,0.6618
1,0,0.8638
0,2,0.5935
1,2,0.9022
0,2,0.6608
0,2,0.5187
1,2,0.5308
0,0,0.4308
0,2,0.941
1,3,0.3564
0,2,0.654
0,2,0.82
0,2,0.9303
1,0,0.7133
0,3,0.4455
0,0,0.5964
0,0,0.3174
0,0,0.5965
0,2,0.6793
0,3,0.5771
1,2,0.9595
1,2,0.6743
0,0,0.567
1,2,0.9797
1,0,0.4694
1,2,0.9567
0,2,0.4123
1,2,0.7021
0,0,0.8824
0,3,0.4775
1,2,0.8235
1,3,0.4777
0,2,0.6372
0,2,0.944
0,0,0.8053
0,3,0.5294
0,0,0.3898
0,2,0.4939
1,2,0.8953
1,2,0.7111
0,2,0.937
1,2,0.7988
0,0,0.5097
1,2,0.8682
1,0,0.6112
0,0,0.5498
1,0,0.8825
0,3,0.4618
1,2,0.8328
1,2,0.6895
0,2,0.7613
1,2,0.9366
0,2,0.629
0,0,0.5475
0,2,0.5809
0,2,0.4741
0,2,0.9262
1,2,0.553
0,0,0.8582
0,0,0.8873
0,2,0.7265
1,2,0.4528
1,3,0.4712
1,2,0.6544
1,2,0.7924
0,2,0.8267
1,2,0.91
1,2,0.4745
0,2,0.5069
0,0,0.6073
1,2,0.7013
1,2,0.9097
1,3,0.4895
1,0,0.5152
1,2,0.6078
1,2,0.8827
0,2,0.3882
0,2,0.3685
0,3,0.7025
1,2,0.9642
1,2,0.7313
1,3,0.3828
0,2,0.6188
1,2,0.7563
0,2,0.4751
0,0,0.5642
1,3,0.8083
0,0,0.5271
1,2,0.8226
0,0,0.9113
0,3,0.4429
1,2,0.6587
1,3,0.4717
1,2,0.745
0,2,0.8121
1,2,0.907
0,2,0.475
0,2,0.7048
1,3,0.7191
0,3,0.6935
0,0,0.7226
0,0,0.8343
0,0,0.7432
1,0,0.4437
1,2,0.8728
0,2,0.6551
0,0,0.8082
0,3,0.3874
1,2,0.8718
1,3,0.5454
1,2,0.6344
1,2,0.5246
0,3,0.5146
0,2,0.5201
1,2,0.6129
0,2,0.8392
1,2,0.7827
0,0,0.9557
0,1,0.6637
1,0,0.5607
0,0,0.5842
1,3,0.5534
0,0,0.88
0,2,0.9691
1,2,0.9311
0,2,0.5862
0,0,0.8728
1,3,0.6434
0,2,0.8082
0,0,0.8847
1,2,0.8069
0,0,0.6761
0,3,0.4153
1,2,0.7794
1,2,0.9214
0,3,0.7949
1,2,0.6419
1,2,0.3718
1,2,0.9724
0,2,0.5144
0,2,0.8017
0,3,0.4831
0,3,0.4628
0,2,0.5069
1,2,0.8708
1,0,0.4047
1,2,0.6512
0,0,0.843
1,2,0.8243
0,0,0.4746
0,3,0.5329
1,3,0.4035
0,2,0.6787
0,3,0.5018
0,2,0.7152
1,0,0.5795
0,0,0.4892
0,1,0.5951
0,2,0.7054
1,2,0.4449
1,2,0.9279
1,2,0.8003
1,2,0.8103
0,2,0.6191
1,2,0.9787
1,2,0.8086
1,0,0.6297
1,2,0.9476
0,3,0.3554
1,0,0.6086
1,2,0.7979
1,3,0.5969
1,2,0.4359
1,3,0.6029
0,0,0.47
0,0,0.5546
0,3,0.5334
0,3,0.5142
0,2,0.494
0,3,0.3613
1,2,0.7857
1,3,0.5498
0,2,0.733
1,0,0.6807
1,2,0.7701
0,2,0.6696
1,2,0.7617
0,2,0.8325
0,2,0.6126
1,3,0.4912
0,0,0.3606
1,2,0.3865
0,2,0.5439
1,2,0.7749
0,0,0.8568
0,3,0.6554
1,3,0.7152
1,2,0.9159
1,2,0.791
0,2,0.4975
1,0,0.4541
0,2,0.5043
1,0,0.4733
0,0,0.8372
0,3,0.7558
1,3,0.3934
0,2,0.7478
0,2,0.7688
1,2,0.8732
0,2,0.4802
0,3,0.462
1,2,0.6516
1,2,0.8938
1,3,0.6265
0,0,0.6253
0,2,0.7077
0,2,0.9118
0,2,0.7952
1,2,0.8817
1,2,0.7873
1,2,0.7139
1,2,0.4915
1,2,0.9587
0,2,0.6377
0,0,0.6369
1,0,0.5988
1,0,0.7883
1,0,0.5521
0,2,0.8539
0,2,0.8217
1,0,0.4406
0,0,0.8631
0,2,0.8629
1,2,0.6631
1,2,0.9513
1,2,0.6452
1,2,0.7517
0,0,0.6089
1,2,0.5696
1,2,0.5242
1,4,0.5851
1,2,0.7628
1,2,0.8966
0,2,0.6782
1,2,0.6947
1,3,0.6544
1,2,0.4946
1,0,0.3461
1,0,0.5319
1,2,0.594
1,0,0.4416
0,0,0.3373
0,3,0.3922
0,2,0.8836
1,2,0.5206
0,3,0.5396
1,2,0.5029
0,3,0.4249
0,0,0.4186
0,3,0.4895
0,2,0.649
0,0,0.4413
0,0,0.9346
1,2,0.8442
0,3,0.722
1,2,0.751
0,0,0.4871
0,2,0.7658
0,2,0.3981
0,3,0.6172
1,3,0.3434
0,2,0.5876
0,2,0.8163
0,2,0.4931
0,3,0.5644
1,2,0.38
1,2,0.5608
0,2,0.6316
1,2,0.9395
1,2,0.7686
1,2,0.7228
1,2,0.7126
1,2,0.668
0,0,0.5061
0,0,0.521
0,0,0.8465
0,0,0.8041
1,2,0.939
0,0,0.5908
0,2,0.7655
1,3,0.508
1,2,0.9486
0,2,0.4975
0,2,0.6809
0,0,0.738
1,2,0.8096
0,0,0.3988
0,0,0.9155
0,0,0.6299
0,2,0.586
0,3,0.6702
1,2,0.8395
1,2,0.9283
1,0,0.8035
0,3,0.6692
1,2,0.9624
1,2,0.4139
1,3,0.676
0,3,0.527
1,2,0.7876
1,2,0.7732
0,3,0.8837
1,2,0.925
1,2,0.5704
1,2,0.7878
0,2,0.4804
0,0,0.7388
0,2,0.5913
0,0,0.6356
1,2,0.7007
0,2,0.6408
1,2,0.5204
0,3,0.5907
1,0,0.4858
1,2,0.7566
0,0,0.4925
1,2,0.8701
1,2,0.8597
0,0,0.8687
1,2,0.8376
0,2,0.852
0,2,0.6551
0,0,0.5255
1,0,0.7038
1,2,0.7302
1,2,0.8914
0,0,0.7191
0,0,0.8129
0,2,0.5884
0,2,0.5699
0,0,0.9499
1,2,0.7239
0,2,0.5737
1,3,0.5797
0,2,0.5843
1,2,0.6343
1,2,0.9287
0,3,0.4036
1,2,0.8441
0,0,0.7992
0,0,0.7629
0,3,0.7876
0,3,0.7826
1,0,0.6259
0,2,0.671
1,2,0.4404
1,2,0.6088
1,2,0.8395
1,2,0.5421
1,2,0.908
0,3,0.4897
0,0,0.9377
1,3,0.7791
0,3,0.5418
0,0,0.7111
0,0,0.6426
0,0,0.4197
1,2,0.8083
0,2,0.4454
0,3,0.6366
0,3,0.5397
0,2,0.6739
1,2,0.7683
1,2,0.8153
0,2,0.4349
0,2,0.7679
1,2,0.9219
1,2,0.8271
0,2,0.5695
0,0,0.5829
0,3,0.633
0,0,0.683
0,0,0.6286
0,2,0.6382
1,0,0.6747
1,2,0.7753
1,2,0.8175
0,0,0.5304
1,0,0.6915
0,2,0.6511
0,2,0.7271
1,2,0.8317
1,2,0.5831
0,0,0.8118
1,2,0.4067
0,2,0.6457
1,3,0.5683
1,0,0.6326
0,0,0.4887
1,3,0.4296
0,0,0.4735
1,2,0.7571
0,2,0.5943
1,0,0.3926
1,2,0.8428
0,2,0.9022
1,2,0.7492
0,0,0.6728
0,2,0.9615
0,2,0.4041
1,2,0.5919
0,3,0.4542
1,0,0.3969
1,2,0.7741
1,2,0.6164
1,2,0.8475
0,0,0.6774
1,2,0.8925
1,2,0.7764
0,0,0.5531
0,3,0.714
1,2,0.6804
0,3,0.7257
0,3,0.4265
0,2,0.4865
0,2,0.5929
0,0,0.5516
1,2,0.5539
0,2,0.8462
0,3,0.5135
1,2,0.7026
0,0,0.3927
1,0,0.6657
0,2,0.5815
1,2,0.8785
0,2,0.8251
1,0,0.4295
1,2,0.8275
1,3,0.7171
0,2,0.8092
0,2,0.8381
0,2,0.7585
1,2,0.8178
0,3,0.6068
0,3,0.4027
0,2,0.6237
0,3,0.3938
0,3,0.5959
0,0,0.9038
0,0,0.4404
1,2,0.872
1,3,0.574
0,3,0.8754
1,0,0.8379
0,3,0.5326
0,0,0.7686
1,2,0.9602
1,3,0.8233
1,2,0.6241
0,2,0.452
1,2,0.7978
1,2,0.8406
0,0,0.8579
1,0,0.5374
1,2,0.7124
0,2,0.7985
1,2,0.9408
1,2,0.8264
1,0,0.6015
1,2,0.7574
1,0,0.4688
1,2,0.6332
0,2,0.6865
0,2,0.5632
0,0,0.8035
1,2,0.8825
1,2,0.7019
0,2,0.8416
1,2,0.6914
0,3,0.5013
0,2,0.5019
1,2,0.7755
0,2,0.8086
1,2,0.5359
0,0,0.3997
0,3,0.634
0,0,0.3295
0,2,0.7402
0,2,0.5156
0,0,0.4164
0,2,0.5293
0,0,0.7264
0,0,0.5732
1,2,0.8968
1,2,0.7839
1,2,0.8653
0,3,0.6962
0,2,0.8088
1,3,0.6052
0,2,0.476
1,0,0.6342
1,0,0.6581
0,2,0.6512
1,3,0.599
1,2,0.5501
1,2,0.8515
0,2,0.6329
0,3,0.5665
0,3,0.8466
0,0,0.8925
0,3,0.5801
1,2,0.8623
0,3,0.4058
1,3,0.6604
1,2,0.7492
1,2,0.6611
1,2,0.865
0,2,0.526
1,2,0.9451
0,0,0.6009
0,2,0.6275
0,3,0.6242
0,2,0.828
0,3,0.4681
0,2,0.8944
0,3,0.3748
0,0,0.5749
1,3,0.4703
0,2,0.41
1,2,0.5764
0,0,0.7827
0,0,0.4464
1,3,0.8021
1,2,0.9399
0,3,0.5853
0,2,0.574
1,2,0.9485
0,0,0.9627
1,2,0.5521
0,0,0.3684
1,2,0.5153
0,0,0.3686
1,2,0.7832
1,2,0.5077
0,2,0.6503
1,2,0.8457
1,2,0.7934
0,2,0.523
1,2,0.3806
1,2,0.4406
0,2,0.5106
0,3,0.6867
1,2,0.8704
1,2,0.537
0,2,0.4339
0,2,0.4991
0,3,0.7006
1,2,0.9081
1,2,0.9037
1,3,0.6373
0,3,0.4439
0,0,0.6651
0,2,0.9227
0,2,0.8437
0,0,0.6387
1,0,0.5236
0,3,0.6406
0,0,0.7864
0,3,0.7212
0,0,0.5711
0,3,0.5819
1,2,0.4978
1,0,0.4946
0,0,0.4688
1,2,0.5639
1,3,0.4185
0,3,0.7081
0,0,0.582
1,2,0.85
0,2,0.5782
1,2,0.7195
1,2,0.6628
0,2,0.8431
0,0,0.5659
1,2,0.7448
0,2,0.5554
1,2,0.6377
1,2,0.5281
1,2,0.6834
0,0,0.7238
0,3,0.3951
0,2,0.6052
1,2,0.4504
1,2,0.7998
0,2,0.5536
1,3,0.6627
0,3,0.5951
0,0,0.5508
0,2,0.7208
0,2,0.6016
0,2,0.4011
1,3,0.663
1,2,0.9273
1,2,0.6274
1,0,0.7419
1,2,0.641
0,0,0.4606
0,2,0.8975
0,2,0.5878
0,3,0.4137
0,2,0.6255
0,2,0.3221
1,3,0.422
0,0,0.5929
0,3,0.8556
0,3,0.3804
1,2,0.9341
0,2,0.9541
0,3,0.5789
1,2,0.5264
0,2,0.5898
0,3,0.6648
1,2,0.5115
1,2,0.6998
0,2,0.801
1,2,0.8938
1,3,0.5749
1,2,0.7285
1,2,0.7562
1,2,0.7831
0,0,0.6188
0,2,0.4563
0,2,0.5213
0,2,0.504
1,2,0.9115
0,0,0.723
1,2,0.7421
1,3,0.5601
1,2,0.6713
0,2,0.8875
0,2,0.5532
1,2,0.5931
1,2,0.7606
0,2,0.8529
1,2,0.8434
1,2,0.9238
1,2,0.4958
0,2,0.8824
0,0,0.4618
1,2,0.9101
1,2,0.8037
1,2,0.4975
0,3,0.4784
1,2,0.9553
0,1,0.5677
1,2,0.5202
1,2,0.7741
0,0,0.4152
1,2,0.8846
1,2,0.7273
1,3,0.6698
1,2,0.7189
1,3,0.432
0,2,0.4704
1,2,0.5928
1,3,0.4873
1,2,0.9197
1,2,0.4236
0,0,0.6064
0,2,0.4017
0,2,0.6588
1,2,0.4912
0,3,0.5216
0,0,0.3866
1,2,0.8057
0,0,0.5391
1,2,0.9073
1,2,0.9406
1,2,0.7781
1,2,0.9153
0,0,0.6155
0,3,0.5622
0,0,0.6525
0,0,0.6802
1,2,0.4478
0,2,0.7106
0,2,0.5743
0,3,0.741
1,2,0.7702
0,0,0.5559
0,2,0.7484
0,0,0.7871
1,2,0.6253
1,0,0.4499
0,0,0.3919
0,2,0.8354
0,3,0.6022
0,2,0.5128
0,2,0.5455
1,3,0.4444
0,0,0.7922
1,2,0.9024
0,3,0.5177
0,0,0.6042
1,2,0.8855
0,2,0.8881
1,2,0.8065
1,2,0.7281
1,2,0.4941
1,0,0.4819
1,2,0.4816
0,0,0.8429
0,3,0.3566
0,2,0.8763
0,2,0.624
0,2,0.7532
1,2,0.7696
0,0,0.8558
0,2,0.7332
0,2,0.6076
0,0,0.6492
0,2,0.5021
0,0,0.4265
1,2,0.6404
1,2,0.8294
0,0,0.4098
1,0,0.6913
1,2,0.7799
0,2,0.8441
1,3,0.6004
1,2,0.8505
1,2,0.8748
1,2,0.4705
1,2,0.5084
0,3,0.3937
0,0,0.8252
1,3,0.5457
0,0,0.8793
0,2,0.5692
0,0,0.8092
0,2,0.5738
0,2,0.5591
0,0,0.5328
1,3,0.5296
0,2,0.3834
1,2,0.6733
1,2,0.7001
0,2,0.9039
1,2,0.8825
1,0,0.6239
1,0,0.671
1,2,0.77
0,0,0.7165
0,2,0.8848
0,0,0.5183
0,2,0.7782
0,2,0.6229
0,0,0.6711
0,3,0.4535
1,3,0.7542
0,2,0.6189
1,2,0.4906
0,0,0.9189
1,2,0.5003
0,2,0.6229
0,3,0.8171
1,2,0.8441
1,2,0.6576
1,2,0.9424
1,2,0.6727
0,0,0.9328
1,3,0.3127
1,0,0.4084
1,2,0.8277
0,0,0.6578
1,2,0.6485
0,3,0.5156
0,3,0.5716
0,2,0.4893
0,2,0.8349
1,2,0.3446
1,2,0.8739
1,0,0.6551
0,0,0.7801
0,0,0.6596
0,3,0.3661
0,3,0.5453
1,2,0.5764
0,2,0.72
1,0,0.6253
1,3,0.5692
1,2,0.6296
1,2,0.8802
1,2,0.7261
0,2,0.8344
1,2,0.5783
1,2,0.7503
1,3,0.7322
1,2,0.7646
1,2,0.5048
0,2,0.6781
1,3,0.714
0,2,0.8489
1,2,0.5546
1,2,0.9527
1,2,0.7259
1,2,0.6783
1,2,0.3578
0,0,0.4722
0,2,0.5351
1,2,0.8242
0,0,0.971
0,2,0.8517
1,3,0.7143
0,3,0.579
0,2,0.7361
1,2,0.6205
1,2,0.7164
0,2,0.4741
0,3,0.5953
0,0,0.6593
0,3,0.4511
1,2,0.9804
1,2,0.6743
1,2,0.8999
0,3,0.4962
1,2,0.9489
1,2,0.4761
0,2,0.5467
0,2,0.4185
1,0,0.9371
1,2,0.7503
1,0,0.6834
1,2,0.8794
0,1,0.6131
1,2,0.8715
0,0,0.8059
0,2,0.7451
0,0,0.5428
1,2,0.384
0,0,0.6269
1,2,0.6591
1,2,0.8179
1,2,0.8078
0,3,0.7021
1,2,0.7923
0,3,0.4616
1,3,0.3696
1,3,0.7337
1,2,0.684
1,3,0.4263
1,3,0.4878
1,3,0.468
1,2,0.5872
1,3,0.5651
0,0,0.9296
1,2,0.4614
0,3,0.8296
0,3,0.4285
0,2,0.4973
0,3,0.5639
1,2,0.6157
1,2,0.9428
0,3,0.5502
0,2,0.633
0,3,0.5747
1,2,0.676
0,2,0.6584
1,2,0.8801
1,2,0.463
0,2,0.4215
0,2,0.895
1,2,0.6825
0,0,0.8762
1,2,0.7153
1,2,0.7561
1,0,0.4418
1,2,0.8704
0,2,0.6269
1,2,0.9267
0,0,0.7895
0,2,0.5197
1,2,0.845
0,3,0.8897
1,2,0.8941
0,2,0.7869
1,2,0.7912
1,0,0.5393
0,0,0.8489
0,2,0.5898
1,2,0.7911
1,3,0.6754
1,2,0.6412
1,0,0.8435
0,2,0.6057
1,2,0.5868
1,0,0.6871
0,3,0.3618
0,0,0.7766
0,2,0.8296
0,2,0.5155
0,2,0.5523
1,2,0.599
0,0,0.5312
0,2,0.6962
1,2,0.8563
1,0,0.4563
0,0,0.5949
1,2,0.8498
0,2,0.5252
0,3,0.5101
0,2,0.8347
1,2,0.9349
1,2,0.8626
1,2,0.7618
0,3,0.615
0,3,0.5329
1,0,0.6243
0,3,0.3485
0,0,0.9183
0,3,0.482
1,0,0.688
1,2,0.7652
0,3,0.8337
1,2,0.8988
0,2,0.6838
0,2,0.5206
0,0,0.7426
1,2,0.8393
0,2,0.4489
1,3,0.6594
1,3,0.4563
0,3,0.4054
1,2,0.8338
1,0,0.3671
1,2,0.693
1,2,0.4456
1,3,0.5477
1,2,0.6521
0,2,0.8319
1,0,0.4825
0,2,0.6484
0,2,0.5713
1,3,0.4744
1,2,0.7476
0,2,0.5984
1,0,0.5086
0,3,0.7774
1,2,0.9666
0,0,0.4458
0,2,0.3909
0,3,0.4158
1,0,0.5929
1,0,0.3998
0,2,0.9196
0,0,0.4574
1,0,0.7775
0,2,0.6527
1,2,0.762
0,1,0.5037
1,2,0.9501
0,0,0.467
1,0,0.7423
1,2,0.4506
0,2,0.6077
0,3,0.8971
0,2,0.6609
0,2,0.5297
1,0,0.6158
1,2,0.8484
0,3,0.8122
1,0,0.7047
0,0,0.472
1,2,0.8325
1,2,0.6342
0,2,0.4577
0,3,0.4716
1,0,0.6269
0,3,0.43
1,2,0.9107
1,2,0.7004
1,3,0.5446
0,3,0.437
1,2,0.451
0,0,0.7197
1,3,0.4504
1,2,0.5086
0,2,0.4675
1,3,0.3472
1,3,0.5805
1,2,0.612
1,0,0.7661
1,0,0.5019
0,0,0.5877
1,2,0.8979
1,2,0.3801
0,0,0.5487
0,0,0.5234
1,2,0.897
0,2,0.8521
0,0,0.5813
0,2,0.3959
0,2,0.5188
1,2,0.8202
1,2,0.9614
0,0,0.5049
0,0,0.6002
1,0,0.3407
1,2,0.4314
0,0,0.8974
0,0,0.9265
0,3,0.9285
1,0,0.7987
0,0,0.778
1,2,0.4862
0,3,0.6448
0,2,0.4266
0,2,0.533
0,0,0.6879
1,2,0.6232
1,2,0.6405
1,2,0.6791
0,3,0.4308
1,0,0.4478
0,0,0.486
1,2,0.8998
1,2,0.7733
1,2,0.8515
1,3,0.5714
0,0,0.8831
1,2,0.6118
1,2,0.5625
1,2,0.4745
0,0,0.4374
1,2,0.5933
1,2,0.7543
0,0,0.8797
1,0,0.659
0,2,0.6644
0,3,0.6262
0,0,0.3238
1,0,0.7016
0,2,0.6978
1,2,0.426
0,0,0.6911
1,2,0.9187
1,3,0.5959
1,2,0.9661
0,0,0.6072
0,2,0.8511
1,2,0.5197
0,0,0.4524
0,3,0.3105
0,2,0.6128
1,2,0.6883
0,0,0.7699
0,2,0.8105
1,2,0.6411
0,2,0.7039
1,2,0.8015
0,3,0.4888
0,2,0.8134
1,2,0.9424
1,2,0.9414
0,2,0.8341
0,0,0.3956
1,2,0.8806
0,2,0.892
0,3,0.6711
0,2,0.3773
0,2,0.6422
0,0,0.9335
0,3,0.5388
1,2,0.9327
0,2,0.6957
1,0,0.6271
1,2,0.9039
0,2,0.6422
1,2,0.8269
1,2,0.9417
1,2,0.9136
1,3,0.565
0,2,0.7922
0,3,0.4753
1,2,0.7522
1,2,0.8501
0,2,0.8265
1,3,0.3909
0,2,0.4511
0,0,0.4309
0,3,0.7321
1,2,0.9613
1,2,0.9839
1,2,0.8084
0,0,0.5756
0,3,0.4598
0,2,0.8776
1,2,0.3874
1,0,0.5463
0,2,0.5292
1,3,0.4989
1,2,0.7554
1,3,0.4841
1,2,0.9308
1,2,0.6654
1,0,0.5338
0,0,0.9543
1,2,0.9482
1,2,0.9056
0,3,0.2889
1,2,0.7196
0,0,0.4521
1,2,0.759
1,2,0.8994
1,2,0.6013
1,2,0.7647
1,2,0.918
0,3,0.6647
1,2,0.6827
1,2,0.7831
1,2,0.6642
0,2,0.8477
0,2,0.9162
0,3,0.5496
0,2,0.4488
0,2,0.9444
0,0,0.4419
1,2,0.7935
0,2,0.4822
1,2,0.7928
1,2,0.9184
0,0,0.5657
0,2,0.8085
0,0,0.8263
0,2,0.8266
0,3,0.4429
1,2,0.677
0,2,0.8324
1,2,0.7549
0,3,0.307
1,2,0.5443
0,2,0.5041
0,0,0.5264
0,2,0.4981
0,2,0.4251
1,2,0.6415
0,2,0.3746
1,2,0.8693
0,0,0.486
0,2,0.7999
0,0,0.4255
0,3,0.4702
1,2,0.7281
1,2,0.9027
1,2,0.8814
0,2,0.8837
1,0,0.584
0,0,0.5966
1,2,0.8462
1,2,0.7338
1,0,0.2421
1,2,0.7875
0,2,0.769
0,2,0.4562
1,2,0.6993
0,0,0.6196
0,2,0.4986
0,2,0.5041
1,0,0.5523
1,2,0.583
0,3,0.715
0,2,0.5952
0,2,0.7777
1,3,0.6432
0,3,0.7504
0,2,0.8788
1,2,0.8865
0,0,0.4237
1,2,0.9165
1,2,0.9439
0,2,0.7986
1,0,0.563
1,3,0.4896
1,0,0.5872
0,2,0.8241
1,2,0.735
0,2,0.4914
1,2,0.8639
0,3,0.7502
0,3,0.5894
1,2,0.7891
1,2,0.8826
0,2,0.7358
0,2,0.5285
0,0,0.6645
0,3,0.4613
1,0,0.5475
1,2,0.7085
1,0,0.5676
1,3,0.3985
1,0,0.4293
1,2,0.8259
0,3,0.5525
0,3,0.5419
1,2,0.8993
0,3,0.5666
1,2,0.8855
0,3,0.7062
1,3,0.4327
1,2,0.8299
1,2,0.5302
1,2,0.4529
1,2,0.5108
1,2,0.7
1,2,0.5038
1,2,0.9354
1,2,0.5859
0,2,0.836
1,2,0.7433
1,2,0.7221
0,2,0.5967
0,2,0.7481
1,2,0.5086
0,0,0.8293
0,3,0.5386
1,2,0.9005
1,2,0.8626
1,2,0.4483
1,2,0.6801
0,3,0.7477
1,3,0.5395
1,2,0.7009
0,3,0.4435
0,0,0.9358
0,2,0.7064
0,3,0.696
0,3,0.678
1,2,0.5946
1,2,0.6338
1,0,0.3523
1,0,0.4376
1,2,0.7862
0,2,0.4597
1,2,0.927
1,2,0.7223
0,3,0.5263
1,2,0.5459
0,2,0.8653
0,2,0.5755
0,3,0.556
1,2,0.9143
0,3,0.7612
1,2,0.4352
1,2,0.7427
1,2,0.9394
0,0,0.7247
0,2,0.3944
1,2,0.4276
1,2,0.9394
1,3,0.6024
1,3,0.3513
0,0,0.4715
0,2,0.947
0,0,0.6639
0,0,0.9204
0,0,0.712
1,0,0.5047
1,0,0.6521
1,2,0.8146
0,2,0.7807
1,2,0.7241
1,2,0.7014
1,2,0.9193
0,2,0.4394
0,3,0.5055
0,3,0.4769
1,2,0.5757
0,0,0.9217
0,3,0.6812
1,2,0.3321
0,3,0.8391
0,0,0.8155
1,2,0.6543
1,2,0.5738
1,2,0.8358
0,0,0.5707
1,3,0.3539
0,3,0.4931
0,0,0.4823
0,2,0.6993
1,2,0.655
0,2,0.3483
0,2,0.4596
0,3,0.5107
0,2,0.696
0,3,0.5373
0,2,0.6987
1,2,0.8182
0,0,0.853
1,0,0.4097
1,0,0.5077
0,2,0.5511
1,0,0.5131
1,2,0.7714
1,2,0.8337
1,2,0.7568
1,2,0.4887
0,2,0.4339
1,2,0.9224
1,2,0.8132
1,2,0.473
0,0,0.5862
1,2,0.659
1,3,0.7445
0,2,0.5059
1,2,0.374
1,2,0.9904
0,3,0.5353
1,2,0.5677
0,0,0.5953
0,3,0.4735
1,0,0.6394
1,2,0.6611
1,3,0.5362
1,3,0.484
1,0,0.4809
0,0,0.5234
0,0,0.7498
0,2,0.6844
0,0,0.8281
0,2,0.5097
1,2,0.9546
1,2,0.8256
0,2,0.5833
0,0,0.4245
1,2,0.8852
0,3,0.5547
0,4,0.4554
0,2,0.7788
0,3,0.4951
0,2,0.754
1,2,0.9375
0,3,0.4873
1,0,0.7417
0,2,0.4822
1,0,0.4793
0,2,0.5087
1,2,0.8657
1,2,0.7637
1,2,0.6541
0,0,0.9516
1,2,0.9283
1,3,0.7489
1,2,0.8552
1,2,0.7227
0,3,0.5904
1,2,0.9602
1,0,0.5857
1,0,0.6042
1,2,0.501
1,2,0.4891
0,2,0.5195
0,0,0.3945
1,2,0.8649
1,2,0.4898
0,0,0.6082
0,0,0.8937
1,2,0.8608
1,0,0.6791
1,3,0.3301
1,2,0.8696
1,2,0.5957
1,2,0.8181
1,2,0.8393
1,2,0.9676
1,2,0.9449
0,2,0.7496
1,3,0.3864
1,2,0.9229
0,2,0.7807
0,3,0.6589
1,3,0.6878
0,2,0.7967
1,0,0.6197
1,3,0.3737
1,2,0.8271
1,2,0.579
0,2,0.5612
0,3,0.436
1,2,0.9437
1,2,0.8803
1,2,0.6316
0,2,0.8042
1,0,0.6537
0,0,0.4724
0,0,0.8706
1,2,0.6534
0,2,0.4513
1,2,0.7629
0,2,0.5345
1,2,0.8511
1,3,0.3833
0,2,0.9228
1,2,0.8838
1,2,0.5246
1,2,0.9193
1,2,0.5065
1,2,0.6248
1,2,0.7005
1,2,0.9107
1,2,0.778
0,2,0.4075
1,2,0.8378
1,2,0.4369
0,3,0.6934
0,2,0.6596
1,2,0.8287
1,2,0.4369
0,0,0.7042
1,2,0.8237
0,3,0.8179
0,0,0.5853
0,3,0.5934
0,2,0.4996
0,3,0.4677
1,2,0.8161
0,2,0.6275
1,2,0.5679
1,2,0.9657
1,2,0.5101
1,2,0.7167
0,0,0.7142
1,2,0.8536
1,3,0.6133
1,0,0.7516
0,2,0.4656
0,3,0.4715
0,0,0.5424
0,2,0.4794
1,3,0.5573
0,2,0.7782
1,2,0.86
0,2,0.4356
0,0,0.7936
1,0,0.4307
0,4,0.6035
1,2,0.5193
1,2,0.792
1,0,0.6463
0,3,0.4818
0,2,0.7185
1,2,0.8715
1,3,0.4438
0,0,0.4386
0,2,0.5967
0,0,0.8698
1,0,0.5803
1,2,0.4422
1,2,0.5824
0,3,0.5343
0,0,0.478
1,0,0.6154
0,0,0.8396
0,2,0.5629
0,2,0.6967
1,2,0.7513
0,2,0.8183
1,2,0.7362
0,0,0.8058
1,2,0.5583
1,2,0.8451
1,0,0.6349
1,2,0.4238
1,2,0.4328
1,2,0.4811
0,0,0.4741
1,2,0.9082
0,3,0.9305
1,2,0.6202
0,0,0.6895
1,2,0.743
1,2,0.631
1,2,0.6244
0,0,0.9458
1,2,0.8925
0,4,0.2854
0,3,0.6048
0,0,0.4764
0,0,0.8821
0,0,0.8773
1,2,0.6593
0,2,0.3932
1,2,0.6407
1,2,0.936
0,0,0.5109
0,2,0.5166
0,0,0.7592
1,3,0.6022
0,2,0.8702
1,0,0.8084
1,2,0.7821
1,2,0.8045
0,2,0.5072
0,2,0.4062
0,2,0.6216
0,3,0.504
1,2,0.8342
0,0,0.5448
0,0,0.7898
1,3,0.5175
0,0,0.5433
0,0,0.624
1,0,0.6782
0,2,0.3892
1,3,0.55
1,2,0.6231
1,2,0.9284
0,2,0.5177
1,2,0.4796
1,2,0.7296
0,2,0.5887
0,2,0.8644
1,2,0.6019
0,2,0.5239
0,2,0.5069
1,2,0.7641
1,3,0.4818
1,2,0.6573
0,0,0.5324
0,2,0.8993
0,2,0.825
1,2,0.8874
0,2,0.8022
1,2,0.5805
1,2,0.4967
0,2,0.6312
0,2,0.6306
1,3,0.4626
1,2,0.8751
1,2,0.6585
1,0,0.4519
1,2,0.5587
1,2,0.9174
1,2,0.7251
1,2,0.8126
0,3,0.4644
0,3,0.6459
1,2,0.4334
1,0,0.4104
0,3,0.5515
0,0,0.8965
1,2,0.6267
1,2,0.5485
1,2,0.3863
1,2,0.5137
1,0,0.7634
0,3,0.7383
1,2,0.3937
0,0,0.6979
0,3,0.4896
1,2,0.7714
1,2,0.522
0,3,0.5994
1,2,0.685
0,2,0.4182
0,0,0.4826
1,2,0.755
1,2,0.9181
1,2,0.8417
1,3,0.5097
1,2,0.7772
1,0,0.5974
1,0,0.5385
1,2,0.8163
1,2,0.8312
1,2,0.477
1,3,0.695
0,0,0.5411
0,3,0.5522
1,2,0.718
0,2,0.4145
0,2,0.4402
0,2,0.7056
0,3,0.7186
1,0,0.6152
1,2,0.4374
1,2,0.5746
1,2,0.7407
1,2,0.8959
1,2,0.5885
1,3,0.5681
1,0,0.5611
1,0,0.4236
1,2,0.9139
0,2,0.9442
0,3,0.3723
0,2,0.6446
0,2,0.6444
0,3,0.5924
0,3,0.8609
1,2,0.6583
0,3,0.3901
1,2,0.8355
1,2,0.9597
1,2,0.6826
0,2,0.4872
0,3,0.4662
1,0,0.5133
1,2,0.7312
0,2,0.4813
1,2,0.9201
0,2,0.939
0,2,0.5533
1,2,0.6018
0,3,0.5829
1,0,0.5371
0,0,0.4929
1,0,0.3898
1,2,0.4448
0,0,0.8262
0,0,0.6848
1,2,0.9299
1,3,0.4607
0,0,0.4502
1,2,0.6581
0,0,0.8932
0,3,0.661
0,2,0.7157
0,2,0.8265
0,0,0.5391
0,2,0.5983
0,2,0.7707
1,2,0.7203
1,2,0.495
0,3,0.4732
1,0,0.6052
1,2,0.7351
0,0,0.8769
0,2,0.9009
0,0,0.4227
1,2,0.8625
1,2,0.8718
0,0,0.4972
1,0,0.4247
0,0,0.834
1,2,0.6807
1,2,0.7151
0,0,0.4414
0,0,0.6383
0,0,0.7954
1,3,0.4332
0,2,0.3694
0,3,0.5323
1,2,0.3075
1,2,0.871
1,2,0.5093
1,3,0.4998
0,0,0.5098
0,2,0.4687
0,2,0.8392
1,2,0.6388
0,0,0.6336
0,2,0.7663
1,2,0.6853
0,0,0.4335
0,0,0.4796
0,0,0.9434
0,3,0.5866
1,2,0.9512
0,2,0.468
0,0,0.5815
1,2,0.6701
1,2,0.7224
0,3,0.4247
0,2,0.5711
0,2,0.737
1,2,0.4494
1,2,0.787
0,2,0.8238
0,2,0.512
0,0,0.4083
0,0,0.5292
1,2,0.8705
1,3,0.4946
0,3,0.7519
0,2,0.5899
1,2,0.8747
1,2,0.4121
1,2,0.5215
0,3,0.57
1,2,0.7342
0,2,0.4999
1,2,0.4243
1,2,0.4161
0,2,0.7349
0,3,0.3769
1,2,0.804
0,2,0.7477
0,0,0.713
0,0,0.539
0,0,0.7085
1,2,0.7169
1,2,0.6285
0,2,0.7979
0,3,0.41
1,3,0.7337
1,0,0.4732
0,3,0.447
1,3,0.4632
1,2,0.9199
0,2,0.6532
1,2,0.4902
0,0,0.7178
0,3,0.8104
0,3,0.5337
1,0,0.549
1,2,0.4802
1,2,0.7641
0,2,0.8103
0,0,0.6116
0,0,0.4678
0,3,0.4779
1,2,0.7888
1,2,0.9589
1,2,0.8585
1,0,0.594
0,0,0.6877
1,2,0.427
0,2,0.6493
1,3,0.58
1,2,0.937
0,2,0.7829
1,3,0.462
1,2,0.8396
1,0,0.8625
1,2,0.5037
1,2,0.5757
0,0,0.3946
0,0,0.4419
1,2,0.5139
1,2,0.7853
0,2,0.4921
1,3,0.4842
0,3,0.3439
1,2,0.7728
1,2,0.5842
1,2,0.4485
0,3,0.4745
1,2,0.7615
0,2,0.6854
1,2,0.8961
0,3,0.4776
1,3,0.5979
0,2,0.5444
1,3,0.5042
0,2,0.6458
1,2,0.8977
1,2,0.8912
0,3,0.4548
1,3,0.5498
0,0,0.6351
1,2,0.7449
0,0,0.843
1,2,0.5048
0,2,0.4439
0,1,0.4993
0,0,0.9419
0,3,0.8291
0,0,0.7953
1,2,0.4916
0,2,0.7213
0,2,0.6259
0,2,0.5251
0,2,0.8251
1,2,0.9501
1,2,0.7811
1,3,0.4109
1,3,0.5239
1,2,0.5391
1,2,0.4657
0,2,0.4992
1,2,0.3224
1,3,0.3498
0,3,0.4621
0,3,0.6023
1,3,0.5192
0,2,0.8621
1,2,0.7683
0,2,0.5143
1,2,0.8677
0,2,0.7123
0,0,0.5219
0,3,0.7928
0,2,0.762
1,3,0.7969
0,3,0.5791
0,3,0.4881
0,2,0.6031
1,0,0.7661
1,2,0.7863
1,0,0.6749
0,3,0.6201
0,2,0.9417
1,2,0.9466
0,0,0.7934
1,2,0.5024
1,2,0.824
0,0,0.8646
0,0,0.5216
0,3,0.6255
1,2,0.8825
0,2,0.4925
0,2,0.7328
1,2,0.8855
1,2,0.3949
1,2,0.8917
1,2,0.7415
1,2,0.9897
1,3,0.4615
0,2,0.924
0,3,0.3748
1,2,0.6122
1,2,0.8394
0,2,0.9001
0,0,0.4273
1,2,0.8212
1,2,0.8715
1,2,0.6941
1,0,0.5094
0,0,0.5461
1,2,0.8473
0,2,0.833
0,2,0.8255
0,0,0.8534
1,2,0.8799
1,2,0.8907
1,2,0.3843
0,0,0.9299
0,0,0.4137
0,0,0.9546
0,0,0.6889
0,3,0.4641
0,2,0.7094
1,2,0.9328
0,3,0.3865
0,0,0.6213
1,2,0.7677
1,0,0.5933
1,2,0.7523
1,2,0.8475
1,2,0.8779
0,0,0.7602
0,2,0.569
1,2,0.9325
1,2,0.8745
1,0,0.5765
0,0,0.6302
0,2,0.759
1,3,0.4224
0,2,0.7292
0,2,0.8619
1,2,0.7267
0,0,0.474
1,2,0.5484
0,0,0.481
1,3,0.4887
0,2,0.6404
0,0,0.9559
0,2,0.4419
1,3,0.636
0,3,0.3928
1,2,0.3852
1,3,0.5578
1,2,0.9264
0,0,0.7658
0,0,0.5166
1,3,0.3738
1,2,0.8025
1,2,0.6843
0,2,0.5383
0,3,0.7194
0,3,0.477
0,2,0.3906
1,2,0.4126
1,2,0.6955
0,3,0.3702
0,2,0.7054
1,2,0.8737
0,2,0.7655
0,2,0.8849
1,2,0.6399
1,1,0.2685
1,0,0.7697
0,0,0.4512
1,3,0.5838
1,3,0.4973
1,2,0.5287
1,3,0.3942
1,2,0.6104
0,0,0.4706
0,2,0.8152
0,2,0.6624
1,2,0.6317
0,0,0.8011
0,2,0.4692
1,2,0.6412
0,2,0.8743
0,0,0.4332
0,2,0.5506
0,0,0.6985
0,0,0.7454
1,2,0.8031
1,3,0.5594
0,0,0.4901
0,2,0.6507
1,2,0.6607
1,2,0.6547
0,2,0.5134
1,0,0.4043
0,0,0.8697
0,4,0.5799
0,0,0.5105
1,2,0.9312
0,3,0.7291
0,3,0.3755
0,2,0.9313
0,2,0.6867
0,2,0.4924
1,2,0.5507
1,2,0.6767
1,2,0.5237
0,0,0.4795
0,2,0.4873
1,0,0.8187
0,2,0.855
0,0,0.903
0,2,0.6232
0,2,0.7102
1,2,0.6876
0,2,0.6423
0,3,0.5281
1,3,0.5292
0,3,0.6259
0,3,0.7291
1,2,0.4415
1,0,0.4127
0,0,0.5384
1,2,0.8637
0,2,0.5839
0,3,0.6645
0,2,0.5487
0,2,0.815
1,2,0.953
0,2,0.6348
1,2,0.4968
0,2,0.622
0,0,0.9227
1,3,0.3566
0,2,0.7058
0,3,0.65
0,2,0.7918
0,0,0.8733
1,2,0.903
0,3,0.5186
0,3,0.5566
0,2,0.7518
1,2,0.5112
0,0,0.7774
1,2,0.6123
1,0,0.9034
1,1,0.3457
0,0,0.7004
1,2,0.6768
1,0,0.4655
0,2,0.7068
1,2,0.7796
0,0,0.6093
0,0,0.3913
0,0,0.7463
1,2,0.9095
1,3,0.5085
1,2,0.8379
0,3,0.5433
0,2,0.6715
0,2,0.7439
1,0,0.508
0,0,0.542
0,2,0.613
0,2,0.4226
1,2,0.8387
1,3,0.6078
0,2,0.8891
1,0,0.5313
1,0,0.439
1,3,0.5163
1,0,0.6249
1,2,0.6844
0,2,0.8927
1,2,0.8118
1,2,0.7932
1,0,0.6631
1,2,0.8151
0,2,0.8903
1,2,0.9072
1,2,0.4824
1,0,0.5201
0,2,0.724
1,2,0.6749
0,2,0.7832
1,2,0.6949
1,2,0.9594
0,0,0.8535
1,2,0.7756
1,2,0.7191
0,2,0.5536
1,2,0.7474
1,2,0.7214
0,3,0.57
1,2,0.7655
0,0,0.4211
0,0,0.9177
1,2,0.9092
0,2,0.7478
0,3,0.5578
1,2,0.6103
1,2,0.7468
1,2,0.6457
1,2,0.7464
1,2,0.6696
1,2,0.4543
0,2,0.4082
0,3,0.6008
1,2,0.8817
0,2,0.7974
0,0,0.3664
0,2,0.8339
1,3,0.6616
1,2,0.7618
1,2,0.5055
0,0,0.7787
1,2,0.9359
0,0,0.8105
0,3,0.5689
1,2,0.6552
1,2,0.6602
1,2,0.9123
1,2,0.7604
1,2,0.5478
1,2,0.6177
0,3,0.5883
1,2,0.8427
0,3,0.4473
1,2,0.6064
0,2,0.8228
1,2,0.8794
0,2,0.7549
0,0,0.4457
1,2,0.764
0,0,0.4401
0,2,0.8353
0,0,0.8403
0,0,0.8989
0,2,0.6197
0,2,0.7082
0,0,0.4741
1,0,0.578
0,3,0.6596
0,2,0.6967
1,0,0.6949
1,2,0.5262
1,2,0.7409
1,3,0.4735
1,2,0.4505
1,2,0.4724
0,0,0.6291
0,0,0.4932
1,3,0.4821
1,2,0.4891
0,0,0.7113
1,2,0.4911
1,2,0.6807
1,3,0.6219
0,2,0.6187
1,0,0.6069
0,2,0.7299
1,2,0.6916
0,4,0.3703
0,2,0.8811
1,2,0.8926
1,2,0.8636
1,0,0.64
0,2,0.6854
0,0,0.7797
0,2,0.6777
0,3,0.5779
0,2,0.4753
0,0,0.8969
0,3,0.4684
0,2,0.8175
1,3,0.5016
0,2,0.4516
0,2,0.6318
0,2,0.6435
1,2,0.7949
1,2,0.6763
1,2,0.5882
0,2,0.463
1,2,0.4598
0,0,0.4996
1,0,0.772
1,2,0.8924
1,2,0.5392
1,2,0.8561
1,2,0.705
1,2,0.707
1,2,0.938
0,0,0.5248
1,2,0.942
1,2,0.9462
0,2,0.3336
0,0,0.4411
0,0,0.7258
0,2,0.555
0,0,0.5493
1,2,0.8702
0,3,0.6063
0,2,0.4004
0,2,0.479
1,3,0.4501
1,2,0.8209
0,2,0.5305
1,2,0.8793
1,3,0.4038
1,2,0.8709
1,2,0.9145
0,2,0.424
1,3,0.7294
0,2,0.9422
1,2,0.5715
1,2,0.7411
0,2,0.6131
1,2,0.4588
1,2,0.8028
0,2,0.6668
1,3,0.4606
0,2,0.4014
0,2,0.556
0,2,0.5069
1,2,0.7922
0,0,0.6199
0,4,0.4487
0,2,0.8546
1,2,0.6915
1,2,0.6903
1,0,0.8421
1,2,0.9636
0,2,0.386
0,2,0.8104
1,2,0.9433
1,2,0.9571
0,3,0.6654
1,2,0.4063
0,0,0.5046
0,0,0.8382
1,2,0.9344
0,0,0.3308
1,2,0.9252
0,0,0.7416
1,2,0.6991
1,2,0.4956
1,2,0.7741
0,2,0.8089
0,2,0.7126
0,0,0.5191
1,2,0.6365
1,2,0.7405
0,2,0.4449
0,2,0.6125
1,2,0.9063
1,0,0.3649
1,0,0.476
1,2,0.8954
1,2,0.7825
0,2,0.7179
0,2,0.4929
0,2,0.7075
0,2,0.52
1,2,0.7532
1,2,0.8915
1,3,0.7025
1,2,0.7279
1,3,0.6408
0,2,0.6052
1,2,0.6411
0,0,0.8796
1,2,0.5983
1,0,0.6283
1,2,0.5194
1,3,0.4499
0,0,0.7278
0,2,0.6595
0,0,0.478
1,2,0.9443
0,3,0.7909
0,2,0.4958
1,2,0.9176
0,0,0.858
1,0,0.8557
1,2,0.459
0,2,0.6811
0,2,0.5896
1,2,0.4294
1,0,0.5429
1,2,0.9442
1,2,0.7356
1,0,0.5584
1,3,0.5384
1,2,0.7671
1,3,0.7138
1,2,0.7151
1,2,0.9
0,0,0.6899
1,2,0.5423
1,2,0.7218
1,2,0.8184
0,0,0.4642
0,2,0.5401
1,0,0.5493
0,0,0.5233
0,2,0.484
0,0,0.5168
0,0,0.7828
1,2,0.7221
1,2,0.809
0,2,0.7458
0,3,0.443
1,2,0.7964
0,0,0.5829
0,0,0.9482
1,2,0.5097
0,2,0.7018
1,2,0.4862
0,2,0.5673
1,2,0.3539
1,2,0.4155
0,2,0.5564
0,3,0.5357
0,2,0.6619
0,2,0.4525
0,0,0.746
0,2,0.5547
1,2,0.8961
0,0,0.472
0,3,0.708
0,2,0.4065
1,2,0.6686
0,3,0.3952
0,0,0.6126
0,2,0.6234
0,2,0.8253
0,2,0.4211
0,2,0.4022
1,2,0.6316
1,2,0.7189
0,3,0.5045
0,3,0.4276
1,2,0.9186
1,2,0.7911
0,3,0.6114
0,2,0.8419
0,3,0.72
0,2,0.5021
1,2,0.8668
1,0,0.4366
0,2,0.7993
1,0,0.5687
0,2,0.6934
1,2,0.699
0,3,0.7043
0,3,0.7003
1,2,0.6185
0,2,0.7685
1,0,0.554
0,3,0.4906
1,3,0.7636
0,2,0.6715
0,3,0.4276
0,2,0.7992
1,0,0.4407
0,2,0.5585
0,2,0.5861
1,2,0.519
0,3,0.7552
0,2,0.564
1,2,0.8797
0,3,0.4403
1,2,0.7827
1,2,0.978
1,0,0.4428
1,3,0.6875
1,2,0.5467
1,2,0.9172
0,0,0.5031
0,2,0.6076
0,2,0.7537
1,2,0.665
1,2,0.616
0,0,0.8487
1,2,0.4612
0,0,0.8746
0,0,0.6855
1,3,0.5277
1,2,0.8957
0,0,0.4684
1,2,0.4513
0,2,0.619
0,2,0.4161
0,0,0.6025
1,2,0.5121
1,2,0.7381
1,2,0.539
1,3,0.4942
0,2,0.3822
0,2,0.9461
0,2,0.4279
1,3,0.5063
0,0,0.7722
0,2,0.5272
1,2,0.4757
0,3,0.496
1,0,0.5655
1,2,0.5536
1,2,0.5072
0,3,0.7491
0,2,0.6482
1,2,0.8444
1,2,0.8877
0,2,0.6208
0,3,0.8353
1,2,0.7809
0,2,0.9226
0,0,0.5425
1,2,0.81
1,0,0.3402
1,2,0.7715
0,3,0.6771
1,2,0.5801
0,0,0.4676
0,2,0.9173
1,2,0.8205
1,2,0.9
0,3,0.4418
1,2,0.8427
1,3,0.4034
0,0,0.3369
0,2,0.3415
1,3,0.5249
1,2,0.9078
0,2,0.3268
1,2,0.7531
1,0,0.3193
1,2,0.9008
0,0,0.9077
1,0,0.6601
1,3,0.4097
1,2,0.7486
1,2,0.7825
0,3,0.48
1,2,0.797
1,2,0.5881
0,3,0.4619
0,2,0.6347
0,0,0.7212
0,2,0.4781
1,0,0.4454
1,3,0.4926
0,2,0.7499
0,2,0.7796
1,2,0.8701
0,0,0.3747
0,0,0.9439
1,2,0.7233
0,2,0.3365
1,2,0.4521
0,0,0.4914
0,0,0.8599
0,2,0.4292
1,2,0.8711
0,2,0.8093
1,2,0.9136
0,3,0.4928
0,3,0.6772
0,3,0.8043
1,3,0.5056
1,3,0.5278
0,2,0.5903
0,3,0.5276
1,2,0.4944
1,3,0.4581
0,2,0.6344
0,0,0.404
0,2,0.9484
0,2,0.8219
0,0,0.794
0,0,0.4134
0,2,0.3809
0,3,0.2883
1,0,0.5162
1,2,0.7825
0,0,0.8828
1,2,0.9154
0,3,0.5924
0,3,0.5788
0,2,0.7568
1,2,0.8283
0,2,0.5486
1,2,0.8196
1,3,0.7425
0,2,0.4463
1,2,0.3906
1,2,0.4769
1,3,0.4476
0,3,0.4618
0,2,0.7445
1,2,0.7749
0,0,0.3909
1,0,0.5174
1,2,0.5723
0,2,0.6148
0,3,0.5869
1,2,0.8623
0,0,0.5716
0,2,0.7537
0,2,0.6846
0,2,0.5098
1,2,0.6771
0,3,0.826
0,0,0.8417
1,0,0.5729
0,2,0.4255
0,2,0.8231
0,0,0.5523
1,0,0.612
1,2,0.9636
0,0,0.945
0,3,0.4155
1,2,0.6915
1,2,0.8391
1,2,0.4468
0,0,0.81
1,2,0.6607
1,3,0.438
1,2,0.8402
1,0,0.5046
0,0,0.4345
0,3,0.6175
1,2,0.9794
1,2,0.8338
0,2,0.8047
1,3,0.3722
1,2,0.5699
1,2,0.6609
1,2,0.6559
0,3,0.4401
0,2,0.6582
1,2,0.952
0,2,0.8806
0,3,0.5349
1,2,0.932
0,2,0.5894
0,2,0.4464
0,2,0.4376
1,2,0.9118
1,0,0.4528
0,0,0.5807
1,0,0.4333
0,0,0.7681
1,2,0.8709
0,0,0.4655
0,2,0.5698
0,0,0.3369
1,2,0.5743
1,2,0.4763
0,0,0.7739
0,2,0.8725
0,3,0.4153
0,0,0.9539
1,0,0.5536
1,2,0.5335
0,3,0.5722
0,2,0.604
1,0,0.4063
1,2,0.8015
1,3,0.5516
1,2,0.9579
0,0,0.5608
0,2,0.5615
0,0,0.8267
0,0,0.9595
0,2,0.9238
1,2,0.7081
0,2,0.4294
1,2,0.8346
0,2,0.8552
0,2,0.4511
0,0,0.4437
1,2,0.8626
0,3,0.5326
0,2,0.6828
0,3,0.4684
0,2,0.8139
0,0,0.3563
0,2,0.4538
1,2,0.9642
0,0,0.8436
1,2,0.6036
0,2,0.5852
1,2,0.8963
1,2,0.6079
0,0,0.3597
0,2,0.4207
0,2,0.8981
0,3,0.6116
1,2,0.9316
1,2,0.7276
1,3,0.5326
0,0,0.4213
1,0,0.4001
0,2,0.9147
0,2,0.5074
1,2,0.6125
0,2,0.6194
0,0,0.7522
1,2,0.5281
1,2,0.5747
1,2,0.6076
0,3,0.4695
1,0,0.4864
0,2,0.845
1,0,0.5394
1,2,0.5314
0,2,0.5447
1,3,0.4446
1,2,0.8951
1,2,0.6443
0,0,0.5109
0,3,0.405
0,2,0.7667
1,2,0.4939
1,3,0.4898
0,2,0.6636
0,3,0.4778
0,3,0.8658
0,2,0.7162
0,0,0.4673
0,2,0.8379
1,2,0.6719
1,2,0.7409
0,2,0.5744
0,3,0.6391
0,3,0.7373
0,2,0.6684
1,2,0.8692
1,2,0.8737
0,0,0.389
1,0,0.5567
0,3,0.4531
0,2,0.4671
1,2,0.4693
1,3,0.606
1,2,0.9096
1,2,0.8828
1,0,0.5432
1,0,0.5273
0,3,0.5313
1,2,0.8252
0,2,0.5088
1,3,0.6825
0,2,0.484
1,2,0.4316
0,3,0.6039
0,2,0.5255
1,2,0.8311
1,3,0.4575
0,2,0.7314
1,0,0.43
1,3,0.4681
0,0,0.8754
0,0,0.5113
1,3,0.7544
1,0,0.4686
1,2,0.9365
1,2,0.6066
1,2,0.3773
0,2,0.629
0,2,0.6248
0,3,0.6412
1,2,0.731
1,3,0.6154
1,3,0.4887
1,2,0.6286
1,0,0.4515
1,2,0.6903
1,0,0.6242
0,3,0.7049
1,2,0.7994
1,2,0.4933
0,2,0.8059
0,0,0.7998
0,2,0.9567
0,2,0.7038
0,3,0.3566
0,3,0.7255
0,3,0.5371
0,0,0.6681
0,0,0.7418
1,0,0.5803
0,3,0.6499
1,3,0.4024
1,2,0.9586
0,2,0.4951
1,0,0.3448
1,2,0.8691
0,0,0.6145
0,2,0.5173
1,2,0.4399
1,2,0.6172
1,2,0.6514
0,3,0.6405
1,2,0.6375
1,0,0.6885
1,3,0.5755
1,2,0.4328
0,2,0.7261
0,3,0.4953
1,2,0.6603
1,2,0.5176
0,2,0.4839
1,2,0.4904
1,0,0.6313
1,2,0.9057
0,0,0.8503
1,2,0.7429
0,2,0.6581
1,3,0.4025
1,0,0.3513
1,2,0.8898
0,3,0.5982
1,2,0.7264
0,2,0.6304
0,0,0.7774
1,2,0.539
0,2,0.6404
1,0,0.3846
0,2,0.5365
1,2,0.4334
1,2,0.8917
1,2,0.9245
0,2,0.5541
1,2,0.9404
1,2,0.5682
1,2,0.956
1,3,0.3948
0,3,0.4444
0,0,0.5666
1,0,0.828
1,2,0.677
1,2,0.5226
1,2,0.6364
0,2,0.581
1,3,0.6674
1,2,0.7562
1,2,0.7489
0,2,0.5219
1,2,0.764
1,2,0.4948
1,0,0.5498
1,2,0.8215
1,2,0.8547
1,0,0.4518
0,3,0.4724
1,2,0.6154
1,0,0.5676
0,3,0.76
1,2,0.4397
0,2,0.7165
1,2,0.7921
0,2,0.5571
0,3,0.3538
0,0,0.7483
1,3,0.6112
0,3,0.4805
1,2,0.88
0,3,0.5272
0,2,0.9216
1,2,0.7188
0,2,0.7432
1,3,0.4594
0,3,0.5349
0,2,0.7733
0,2,0.7279
1,2,0.896
1,0,0.8221
1,2,0.8538
1,2,0.546
0,0,0.9155
1,2,0.8084
1,0,0.763
0,2,0.5379
0,3,0.4008
0,3,0.5352
1,0,0.643
0,2,0.4323
1,2,0.4115
1,3,0.4568
0,2,0.8188
0,2,0.3427
1,3,0.4911
1,3,0.5842
0,0,0.3403
0,2,0.8548
1,2,0.7782
0,2,0.5906
1,2,0.9437
1,2,0.5769
1,3,0.6353
1,2,0.8822
1,0,0.6747
1,0,0.3972
0,3,0.4964
1,2,0.5095
1,2,0.8502
1,2,0.8261
0,3,0.4022
0,0,0.8592
0,2,0.9725
0,2,0.4003
0,2,0.5488
1,2,0.5111
1,2,0.7669
1,2,0.4372
0,0,0.6482
0,0,0.7744
0,2,0.9627
1,3,0.5887
1,2,0.7604
1,0,0.772
1,0,0.5863
0,3,0.5461
0,3,0.5181
0,2,0.8669
0,0,0.4808
1,0,0.5942
0,2,0.6305
0,3,0.8094
0,4,0.3733
0,2,0.7587
0,2,0.8717
0,2,0.606
0,2,0.5133
0,0,0.6864
1,2,0.8768
1,2,0.8377
1,2,0.4963
1,0,0.3682
0,2,0.4205
1,3,0.3931
1,2,0.6271
1,2,0.7584
1,0,0.3659
1,2,0.6778
1,2,0.5658
0,2,0.5694
1,2,0.8146
0,2,0.6481
1,3,0.463
0,2,0.7269
0,0,0.4251
0,0,0.5176
1,2,0.8311
1,2,0.8893
0,3,0.8206
1,2,0.5937
0,2,0.9313
1,2,0.932
0,3,0.5417
1,2,0.8257
1,2,0.9123
0,3,0.4697
1,2,0.8355
0,2,0.6174
0,3,0.6442
0,2,0.8285
1,2,0.8801
0,2,0.6606
0,2,0.5009
0,2,0.9167
0,2,0.7396
0,2,0.8595
0,0,0.6428
0,3,0.6996
1,2,0.5518
1,2,0.8383
0,2,0.8143
1,2,0.9771
0,2,0.5112
0,3,0.6786
1,2,0.9633
1,3,0.6279
1,3,0.4523
0,3,0.4336
0,0,0.7038
1,2,0.7459
1,0,0.6854
0,0,0.4697
1,2,0.7539
1,2,0.5385
1,0,0.6731
1,2,0.3986
0,0,0.3796
1,2,0.8973
0,2,0.7281
1,3,0.6659
1,2,0.9522
0,3,0.5048
0,0,0.5663
0,2,0.7444
0,3,0.5977
0,2,0.9759
1,2,0.7821
1,2,0.5297
0,0,0.8085
1,0,0.5474
0,0,0.6713
0,3,0.4525
0,2,0.8419
1,3,0.6289
1,2,0.9249
1,2,0.4549
0,0,0.4908
0,2,0.8607
1,2,0.432
0,3,0.41
1,3,0.3997
1,2,0.6507
0,3,0.4536
0,0,0.6234
0,2,0.4823
0,2,0.8078
1,2,0.4222
1,0,0.5093
1,2,0.7014
1,3,0.5394
0,2,0.4446
1,2,0.7594
1,3,0.5209
1,2,0.89
0,0,0.8717
1,2,0.8326
0,2,0.4548
1,2,0.5678
0,3,0.5074
1,2,0.9543
0,0,0.8624
1,2,0.5308
1,2,0.9012
1,2,0.8381
0,0,0.7073
1,0,0.3615
0,2,0.8077
0,2,0.5814
0,0,0.7543
0,0,0.5538
1,2,0.7584
0,3,0.5757
0,2,0.5731
1,2,0.9283
0,2,0.5716
0,3,0.5121
1,2,0.6513
0,2,0.6021
0,0,0.7045
1,0,0.7172
0,0,0.5626
0,2,0.8588
1,2,0.5569
0,0,0.3623
0,2,0.8719
0,2,0.5766
0,2,0.8001
0,3,0.7918
1,2,0.8869
0,3,0.4148
0,2,0.7588
0,0,0.3773
0,0,0.5632
0,2,0.7434
1,2,0.8857
0,2,0.7689
0,0,0.4474
0,2,0.5815
0,3,0.6718
1,2,0.4991
0,2,0.6002
0,0,0.4882
1,2,0.7284
1,3,0.463
0,2,0.9587
1,2,0.9382
0,3,0.4386
0,0,0.4825
1,0,0.7946
0,2,0.4712
1,2,0.6366
0,0,0.6817
1,2,0.9169
0,3,0.459
1,2,0.7834
1,2,0.6026
1,2,0.8784
1,2,0.8278
1,3,0.4003
1,2,0.6691
0,0,0.8645
1,2,0.8038
1,2,0.4531
1,2,0.8934
1,2,0.7988
0,2,0.4289
0,0,0.3934
1,2,0.6254
0,3,0.3955
1,2,0.8755
1,0,0.4314
1,2,0.4884
1,2,0.68
0,2,0.8253
0,3,0.3836
0,2,0.5831
1,0,0.362
1,0,0.5949
1,0,0.655
1,2,0.5771
1,2,0.9158
1,0,0.6549
0,2,0.5964
1,2,0.7173
0,2,0.7465
0,2,0.9386
0,2,0.3728
1,3,0.5943
0,2,0.6096
1,0,0.3418
0,2,0.8369
0,0,0.4041
0,0,0.5112
0,0,0.7214
1,2,0.6399
0,3,0.4469
0,3,0.8427
1,2,0.9337
1,2,0.3456
0,2,0.6759
1,0,0.5948
1,2,0.5835
1,2,0.8788
1,2,0.535
1,2,0.5773
1,0,0.4151
1,2,0.9264
1,2,0.8493
0,2,0.6308
1,2,0.6573
1,2,0.6623
0,0,0.4418
1,2,0.9457
1,2,0.6211
1,3,0.5306
1,2,0.7946
0,2,0.7254
1,3,0.4094
1,2,0.5475
1,0,0.73
1,2,0.8324
1,2,0.5972
1,2,0.3191
0,3,0.6537
0,3,0.4016
0,3,0.4992
0,3,0.4017
0,2,0.4954
1,2,0.5601
0,2,0.5459
1,2,0.9144
0,3,0.4173
1,2,0.451
1,2,0.9343
0,2,0.8379
1,2,0.8955
0,2,0.5386
1,0,0.4623
1,2,0.4515
0,0,0.5661
1,2,0.9373
1,2,0.8556
0,0,0.8804
1,2,0.5739
1,2,0.831
0,3,0.5696
0,3,0.7429
1,2,0.7673
0,0,0.5453
1,2,0.5859
0,0,0.4846
0,0,0.6202
0,0,0.5345
1,2,0.6768
0,2,0.758
0,2,0.5682
0,0,0.5842
1,3,0.3553
0,0,0.7504
0,0,0.5608
0,2,0.5319
0,2,0.5645
1,3,0.4802
1,2,0.8589
1,0,0.652
0,2,0.9205
0,2,0.8494
0,2,0.6958
0,2,0.7028
0,3,0.5763
1,2,0.6986
0,0,0.7296
1,2,0.8169
1,2,0.5346
1,2,0.4974
1,2,0.7605
1,3,0.8108
0,0,0.4613
1,2,0.9679
1,0,0.6323
1,2,0.8418
1,2,0.49
0,0,0.6948
0,0,0.775
0,2,0.699
0,0,0.4719
0,0,0.5152
0,0,0.7302
1,0,0.6433
1,2,0.6135
1,2,0.9376
1,2,0.8685
0,0,0.7964
1,2,0.9622
0,2,0.5031
0,0,0.9063
0,2,0.4799
1,2,0.3856
1,2,0.8996
1,2,0.7113
0,2,0.8666
0,2,0.5346
0,3,0.5659
0,0,0.7189
0,2,0.6349
1,2,0.8065
0,0,0.569
0,2,0.6519
0,2,0.6666
0,2,0.4718
0,0,0.4659
0,2,0.4028
0,3,0.4395
1,2,0.8775
0,0,0.4842
0,2,0.5349
0,0,0.6391
1,2,0.7297
0,2,0.7029
0,0,0.57
1,0,0.4451
1,2,0.6087
1,2,0.77
1,2,0.8598
0,2,0.8946
1,2,0.8396
1,2,0.8
1,2,0.5711
1,2,0.8116
1,3,0.3476
1,0,0.45
0,0,0.557
0,2,0.814
1,2,0.9405
0,0,0.7324
1,2,0.5667
0,0,0.667
1,2,0.9007
0,2,0.6062
1,0,0.4748
0,2,0.592
1,2,0.4315
1,3,0.5469
1,2,0.6599
1,2,0.4709
0,2,0.3477
1,0,0.5613
0,3,0.4962
1,2,0.4717
0,2,0.9025
1,3,0.4886
1,2,0.4537
0,2,0.509
0,2,0.8976
0,0,0.4441
0,2,0.5549
1,2,0.8611
0,2,0.4405
0,3,0.6617
0,0,0.399
1,3,0.6535
0,2,0.6629
1,3,0.6673
1,2,0.5382
1,2,0.7222
1,2,0.8746
1,2,0.9645
0,0,0.6215
1,2,0.5823
0,2,0.7584
1,0,0.3554
0,0,0.7039
0,0,0.7768
0,0,0.6517
0,0,0.5679
0,2,0.8046
0,2,0.9571
0,0,0.7769
1,2,0.8701
0,0,0.528
0,0,0.8013
0,0,0.425
1,2,0.8984
0,3,0.8394
1,2,0.4681
0,3,0.8441
0,2,0.7723
1,2,0.9675
0,2,0.5424
0,2,0.5531
0,0,0.7383
0,0,0.4273
1,2,0.7139
0,0,0.5188
0,0,0.8657
1,2,0.8394
1,3,0.548
1,2,0.5617
0,3,0.3543
1,2,0.5237
1,0,0.5365
1,2,0.6171
1,3,0.3626
1,0,0.6622
1,2,0.771
0,2,0.4717
1,3,0.6909
1,3,0.5609
0,2,0.6208
0,0,0.4336
0,2,0.5084
1,2,0.6532
1,0,0.4753
1,2,0.9263
1,2,0.9455
0,3,0.6379
1,3,0.6707
0,0,0.5898
1,2,0.5276
0,3,0.5279
1,2,0.9078
1,2,0.8795
1,2,0.7549
1,2,0.6524
0,3,0.5759
0,2,0.7255
0,2,0.5491
1,2,0.9691
0,2,0.9496
0,0,0.7098
1,2,0.4291
1,0,0.365
0,2,0.5703
1,0,0.6423
0,3,0.7446
1,0,0.3884
0,2,0.7424
0,3,0.3896
0,0,0.7413
1,2,0.9296
1,2,0.5071
1,2,0.9711
0,0,0.5693
0,3,0.4234
0,2,0.9415
1,2,0.646
1,2,0.8614
1,2,0.3504
1,2,0.9492
1,0,0.5524
1,2,0.807
1,2,0.9227
0,0,0.4724
0,3,0.517
0,2,0.7424
0,0,0.7909
1,2,0.5217
0,2,0.515
0,0,0.8285
0,0,0.9056
0,3,0.6556
0,3,0.6142
1,2,0.959
1,2,0.8534
0,3,0.4368
0,0,0.8392
1,2,0.5352
1,2,0.6251
1,2,0.3271
0,2,0.8961
0,0,0.7335
0,2,0.7028
0,2,0.3533
1,2,0.7412
0,0,0.6782
1,2,0.7131
0,2,0.5925
0,0,0.5154
0,2,0.7604
1,2,0.8793
0,0,0.7006
0,0,0.5509
0,2,0.682
0,3,0.3452
0,2,0.851
0,2,0.8052
0,2,0.7532
0,3,0.6912
0,0,0.7458
1,2,0.5728
0,2,0.6243
1,2,0.908
1,3,0.4764
0,0,0.5768
1,2,0.8794
1,2,0.8281
0,0,0.416
1,2,0.5537
1,2,0.6358
0,3,0.6832
1,2,0.8092
0,2,0.8602
1,2,0.7351
0,0,0.6835
0,0,0.8941
0,0,0.8857
0,0,0.6034
1,2,0.6051
1,2,0.8507
1,2,0.5392
0,0,0.8567
0,3,0.4473
1,2,0.6621
1,3,0.3969
1,2,0.9425
0,0,0.7047
0,0,0.7313
1,2,0.9304
1,2,0.6053
1,2,0.8767
1,0,0.6039
0,2,0.4102
1,2,0.6568
0,2,0.5188
1,3,0.5031
1,2,0.6521
1,2,0.4065
0,0,0.8861
1,2,0.4211
0,3,0.823
0,4,0.5499
0,3,0.3853
0,0,0.6949
0,3,0.5685
1,3,0.4554
1,2,0.6156
1,2,0.7659
0,3,0.5449
0,2,0.8852
0,2,0.4696
0,3,0.3523
0,2,0.6444
1,0,0.6827
0,0,0.4506
1,2,0.6915
1,2,0.9537
1,2,0.8558
0,0,0.5127
1,2,0.8927
1,2,0.5211
0,2,0.6384
0,2,0.4188
1,0,0.654
1,2,0.8902
0,3,0.5423
0,2,0.9751
1,3,0.4007
0,3,0.4546
1,3,0.5273
0,2,0.8087
0,2,0.6492
0,2,0.7079
1,0,0.3913
1,0,0.715
0,0,0.7971
0,0,0.8233
0,0,0.5158
0,0,0.8783
0,0,0.3648
0,3,0.7656
0,3,0.4902
1,2,0.6579
0,2,0.8848
1,3,0.5584
0,2,0.6842
1,2,0.9065
1,2,0.7865
0,2,0.7671
1,3,0.4931
0,2,0.9585
1,3,0.6016
1,2,0.7585
1,2,0.4721
0,3,0.7043
0,3,0.5155
0,2,0.7073
1,2,0.8581
0,0,0.8203
1,2,0.7074
1,0,0.6463
0,0,0.374
0,3,0.6176
0,2,0.4216
1,2,0.4103
1,2,0.6581
0,2,0.3775
1,2,0.7977
0,2,0.593
1,2,0.3511
1,2,0.6256
1,2,0.6894
0,3,0.4706
0,0,0.4421
1,2,0.522
0,0,0.5006
0,2,0.8123
1,2,0.8678
1,2,0.902
1,2,0.6958
1,2,0.6384
0,0,0.4077
0,4,0.3681
0,2,0.7843
1,3,0.4357
1,2,0.505
1,0,0.4907
0,0,0.5434
0,0,0.5597
1,2,0.8419
1,2,0.6765
1,3,0.714
0,3,0.3661
0,2,0.4358
0,2,0.7795
1,2,0.4741
1,2,0.8467
1,2,0.5182
1,3,0.652
0,2,0.8498
0,3,0.4423
0,2,0.7664
1,2,0.7491
0,2,0.7329
1,0,0.7283
0,0,0.304
0,3,0.4703
0,0,0.3233
0,3,0.5742
1,3,0.6132
0,2,0.8287
1,2,0.4973
0,0,0.4939
1,2,0.905
1,0,0.3741
1,2,0.7956
1,2,0.53
0,3,0.7562
1,3,0.6644
0,2,0.5397
0,0,0.7626
1,2,0.8671
0,0,0.7006
1,3,0.5144
0,3,0.5658
0,2,0.6851
0,2,0.6468
0,0,0.7808
0,2,0.7913
0,0,0.9832
1,2,0.7963
0,0,0.5541
1,2,0.7663
1,2,0.9863
1,2,0.6535
0,2,0.5292
0,2,0.5554
1,0,0.7371
1,2,0.5151
0,2,0.7346
0,2,0.7356
0,3,0.8142
0,2,0.3739
0,2,0.5253
0,0,0.6387
0,3,0.6099
1,2,0.6884
0,3,0.8678
1,2,0.9635
1,2,0.9451
1,2,0.7599
1,2,0.9483
1,3,0.5319
1,0,0.3867
1,3,0.726
1,2,0.6899
0,2,0.5328
0,2,0.7341
0,3,0.5222
1,3,0.434
1,2,0.7229
0,2,0.44
1,2,0.722
1,0,0.4411
0,2,0.6411
0,3,0.6825
1,3,0.3162
0,2,0.7913
1,0,0.8314
1,2,0.7119
0,3,0.6361
0,3,0.7319
0,3,0.6092
1,3,0.6223
1,2,0.6877
1,2,0.4275
1,0,0.6635
1,2,0.9569
0,2,0.5658
0,2,0.6335
1,2,0.4797
1,2,0.4351
1,2,0.7402
0,3,0.4455
1,2,0.5539
1,3,0.6024
0,0,0.4433
1,2,0.7324
0,0,0.783
1,2,0.7278
1,2,0.9093
0,3,0.292
0,2,0.6187
0,2,0.8146
1,2,0.8727
0,0,0.4982
0,2,0.9157
1,2,0.7814
1,2,0.6288
0,2,0.5369
0,0,0.5501
0,0,0.7064
1,2,0.9076
1,2,0.7184
0,2,0.5776
1,2,0.6287
0,3,0.475
0,0,0.8091
1,0,0.7933
0,3,0.4587
0,2,0.6926
1,2,0.6193
0,2,0.6222
1,2,0.9079
0,2,0.4149
0,2,0.555
0,3,0.2745
0,3,0.4064
0,2,0.8551
1,2,0.9136
0,3,0.3935
0,0,0.6868
0,2,0.7292
1,2,0.6436
0,2,0.8348
0,0,0.754
1,2,0.7441
1,2,0.7546
0,3,0.3431
1,2,0.5554
0,3,0.4806
1,3,0.5441
0,2,0.9707
0,3,0.3946
1,3,0.4312
0,2,0.5348
1,2,0.5293
0,3,0.5265
1,2,0.7381
0,0,0.5723
1,3,0.376
0,3,0.4838
0,2,0.9619
0,0,0.514
0,3,0.5564
1,2,0.417
1,2,0.9333
1,2,0.8235
1,2,0.9554
1,2,0.4885
1,2,0.7875
0,2,0.5431
1,2,0.8788
1,2,0.9181
0,0,0.8374
1,2,0.8092
1,3,0.6989
0,0,0.5175
0,0,0.5874
0,0,0.7465
1,2,0.7519
1,2,0.6686
0,2,0.5416
1,2,0.78
0,2,0.5203
1,2,0.7987
0,3,0.4088
0,2,0.8211
0,3,0.5297
0,3,0.4209
0,2,0.836
0,0,0.5045
0,2,0.9199
1,0,0.4491
0,2,0.6657
1,2,0.7437
1,2,0.9246
0,0,0.8837
1,2,0.8371
0,0,0.4953
0,2,0.4687
1,3,0.5884
0,2,0.4854
1,3,0.7814
0,0,0.6636
0,2,0.8905
1,2,0.7858
1,2,0.338
0,0,0.8305
0,2,0.6992
0,3,0.8669
1,2,0.9636
0,2,0.7586
0,3,0.341
0,3,0.37
0,3,0.3135
0,3,0.4434
1,2,0.695
1,0,0.5058
0,2,0.6667
0,2,0.787
0,0,0.8391
1,2,0.7811
0,2,0.5023
0,2,0.593
1,2,0.6843
1,2,0.8107
0,2,0.502
1,2,0.5145
1,2,0.8174
1,2,0.749
1,2,0.9205
0,0,0.5745
1,3,0.6186
0,2,0.8184
1,3,0.2853
1,2,0.9275
1,2,0.7476
1,2,0.6936
0,0,0.7384
0,2,0.812
0,2,0.717
0,2,0.573
1,3,0.7226
1,2,0.6331
1,0,0.6475
0,0,0.8594
0,2,0.6097
0,3,0.6801
1,2,0.6908
1,2,0.6742
0,0,0.4323
1,0,0.6397
0,2,0.6409
1,2,0.5793
1,2,0.56
0,2,0.753
1,2,0.8277
1,0,0.6975
1,2,0.7857
1,2,0.8256
1,2,0.7817
1,0,0.4977
1,2,0.7413
0,2,0.7404
0,0,0.3316
1,3,0.4239
1,3,0.3242
1,0,0.3142
1,2,0.9364
0,2,0.7595
1,0,0.4698
0,0,0.75
0,2,0.9515
1,2,0.7651
1,0,0.5678
1,2,0.9145
1,2,0.4527
1,2,0.6991
0,3,0.7623
1,2,0.6207
1,3,0.5181
0,2,0.4654
1,0,0.4062
0,2,0.5657
1,2,0.6353
0,0,0.436
1,2,0.7484
0,3,0.5036
1,2,0.448
0,0,0.6473
1,2,0.5935
0,0,0.9147
0,2,0.7442
0,2,0.6615
0,2,0.8682
0,2,0.5898
0,2,0.4611
0,2,0.6908
1,2,0.7733
0,2,0.49
0,2,0.6142
1,2,0.779
0,0,0.6461
1,2,0.756
0,3,0.3347
1,2,0.9151
1,2,0.8765
1,0,0.5133
1,2,0.8091
1,0,0.7039
0,0,0.4438
1,2,0.6302
0,2,0.462
0,2,0.8995
0,0,0.7028
1,3,0.4772
0,2,0.507
1,0,0.4016
1,2,0.7985
0,0,0.8891
0,2,0.6653
0,0,0.5554
1,2,0.8895
0,0,0.8559
1,3,0.4935
1,2,0.9308
0,2,0.8938
0,2,0.7371
1,2,0.8462
1,2,0.594
0,2,0.5486
1,2,0.6127
0,2,0.5122
1,2,0.6417
0,2,0.4438
0,2,0.7218
1,2,0.4311
0,3,0.7895
1,2,0.6699
0,2,0.8065
1,2,0.6002
1,2,0.6123
0,0,0.8566
1,2,0.8147
0,3,0.4781
1,1,0.4224
1,2,0.7853
1,2,0.6815
1,2,0.673
0,0,0.8332
1,2,0.9059
1,2,0.6121
1,0,0.4033
0,2,0.6198
1,2,0.7726
0,2,0.681
0,0,0.3794
1,2,0.844
1,0,0.4205
0,0,0.8178
0,0,0.4567
1,2,0.9546
1,2,0.598
1,2,0.5838
1,2,0.9138
1,2,0.934
0,3,0.6837
0,0,0.464
0,2,0.5826
1,2,0.7914
0,3,0.3825
0,0,0.512
0,2,0.6701
0,3,0.4317
0,2,0.7386
0,2,0.5062
0,0,0.5995
0,2,0.8018
0,0,0.8105
0,0,0.5588
0,2,0.8105
0,0,0.8666
0,3,0.7225
0,3,0.6574
0,2,0.6188
0,0,0.9354
1,3,0.5308
0,0,0.7123
1,0,0.4027
1,2,0.5594
0,0,0.6053
1,2,0.4776
0,2,0.7064
0,3,0.4456
1,2,0.3482
0,2,0.5279
1,2,0.9442
1,0,0.8853
1,2,0.9355
1,3,0.4737
0,3,0.4763
1,2,0.8872
0,2,0.5203
1,2,0.7156
1,2,0.8848
1,2,0.9019
0,2,0.7289
1,2,0.6039
0,2,0.852
0,2,0.7894
1,0,0.4817
0,2,0.5675
1,2,0.6591
1,2,0.8832
0,0,0.3828
0,0,0.7719
0,3,0.5747
0,2,0.7753
0,2,0.5643
0,2,0.5489
0,2,0.5522
0,2,0.4025
0,2,0.576
0,0,0.9048
0,0,0.8604
0,2,0.4533
0,3,0.6141
1,2,0.8323
0,0,0.5716
1,2,0.8575
0,2,0.79
1,2,0.6027
1,2,0.8459
1,2,0.7756
1,2,0.5626
1,2,0.9593
0,2,0.5484
0,0,0.8948
0,0,0.9516
0,0,0.8032
1,3,0.5822
1,3,0.4428
0,2,0.7036
1,0,0.8298
0,2,0.823
1,3,0.3997
0,2,0.8775
0,0,0.7906
0,2,0.8785
0,2,0.573
0,2,0.7536
0,0,0.6754
0,3,0.6002
0,0,0.7225
1,2,0.5651
1,0,0.4837
1,2,0.9204
0,0,0.3998
0,3,0.8651
1,0,0.4357
0,0,0.5549
0,2,0.49
1,2,0.875
1,2,0.5909
1,2,0.5472
0,2,0.5114
1,2,0.7871
1,2,0.9466
0,0,0.9196
0,0,0.6894
1,2,0.534
0,3,0.6516
1,2,0.6628
1,2,0.8536
0,3,0.4767
0,2,0.403
0,3,0.595
0,2,0.7668
1,0,0.7136
1,2,0.8614
1,2,0.6051
1,2,0.4483
0,0,0.4292
1,2,0.92
0,3,0.4055
1,3,0.6213
0,2,0.4009
1,3,0.3234
1,0,0.6492
0,2,0.751
0,0,0.725
1,3,0.5174
0,2,0.8287
1,2,0.5658
0,2,0.8924
1,2,0.6238
1,2,0.9345
1,2,0.656
1,2,0.8427
1,2,0.461
0,2,0.4569
0,0,0.7547
0,0,0.607
0,3,0.5272
1,2,0.9251
0,2,0.5333
1,2,0.5425
1,3,0.6075
0,2,0.8248
0,0,0.3844
0,2,0.8433
0,0,0.9396
0,2,0.7987
0,3,0.6093
1,2,0.9065
0,0,0.3425
0,0,0.5368
0,2,0.8945
1,2,0.5448
0,3,0.3986
1,2,0.8597
1,3,0.6935
1,2,0.8438
0,3,0.9067
1,3,0.3048
1,2,0.4998
0,2,0.7686
1,3,0.6111
0,3,0.6423
1,2,0.9758
0,2,0.4705
1,2,0.7048
1,2,0.4753
0,2,0.7084
1,0,0.5134
1,2,0.7878
1,3,0.6168
1,3,0.7223
0,3,0.6602
1,2,0.9634
1,3,0.6378
0,3,0.8253
1,2,0.3991
1,2,0.9
0,0,0.5045
1,2,0.492
1,2,0.5549
0,3,0.4662
0,0,0.8898
1,2,0.8693
1,2,0.6076
0,3,0.5455
1,2,0.7636
0,0,0.8146
1,2,0.6598
1,3,0.5918
1,2,0.7072
0,0,0.7802
1,0,0.6861
0,2,0.5292
0,0,0.434
0,2,0.8061
1,2,0.9406
1,0,0.4366
0,0,0.5371
1,2,0.7075
0,2,0.4115
1,2,0.6949
1,2,0.724
1,2,0.7179
0,2,0.5263
0,0,0.8004
1,2,0.483
1,2,0.8661
0,2,0.849
1,2,0.5506
0,3,0.5707
0,2,0.5014
0,2,0.6048
1,2,0.9445
1,0,0.6794
0,2,0.2868
1,2,0.9319
0,1,0.3283
0,0,0.7954
1,3,0.4989
1,2,0.5102
1,2,0.8773
1,0,0.6312
1,3,0.6073
1,0,0.419
1,0,0.5827
0,0,0.4196
0,3,0.4334
0,2,0.868
1,0,0.5067
1,2,0.8461
1,3,0.4672
1,2,0.8867
0,2,0.4701
1,3,0.564
1,2,0.774
0,2,0.5616
1,2,0.4247
0,0,0.6215
1,0,0.4913
1,2,0.9329
1,2,0.8459
1,2,0.7559
1,2,0.9386
0,3,0.4088
0,2,0.4774
1,2,0.9644
0,2,0.8882
0,0,0.8102
0,2,0.55
0,2,0.9744
1,2,0.6355
1,2,0.9443
1,2,0.7957
1,2,0.9252
0,2,0.6923
0,3,0.3576
1,2,0.9398
0,2,0.4939
0,2,0.7888
0,3,0.3926
1,0,0.4847
0,2,0.5224
1,2,0.4861
0,3,0.656
1,2,0.8729
0,3,0.3964
1,2,0.5825
1,2,0.6444
0,0,0.6747
0,3,0.4015
0,3,0.5622
1,2,0.9298
1,0,0.5371
1,2,0.7242
1,0,0.7844
1,2,0.7347
1,2,0.7072
0,2,0.6945
0,2,0.7769
0,2,0.6619
0,2,0.9671
1,3,0.3921
0,2,0.562
1,3,0.5054
0,2,0.8891
1,2,0.6357
1,2,0.5684
0,2,0.5153
1,2,0.6102
1,2,0.5293
1,2,0.5227
1,2,0.8137
0,2,0.5072
1,2,0.5896
1,3,0.47
0,0,0.8202
1,2,0.6894
0,0,0.4452
1,2,0.503
1,2,0.91
0,2,0.8491
0,3,0.5821
0,2,0.414
1,2,0.432
1,3,0.5971
0,0,0.7285
1,2,0.6732
0,0,0.4304
1,2,0.4686
0,3,0.5747
1,3,0.4164
0,3,0.5543
1,2,0.699
0,0,0.8567
0,3,0.8403
0,2,0.4545
1,2,0.74
0,2,0.7483
1,2,0.7442
0,2,0.693
0,2,0.754
1,1,0.3138
0,3,0.4614
0,2,0.9482
1,2,0.8035
1,2,0.9167
0,0,0.7899
1,3,0.4772
0,0,0.6077
1,2,0.7844
0,4,0.3067
0,2,0.6144
1,0,0.6048
0,3,0.537
0,4,0.4031
0,3,0.642
0,2,0.5772
1,0,0.89
0,3,0.5677
0,0,0.8304
0,2,0.5579
0,0,0.9715
0,0,0.3978
0,3,0.5697
0,2,0.8213
0,0,0.8378
0,3,0.776
0,0,0.3793
1,2,0.3861
1,2,0.7962
1,2,0.9353
0,2,0.7302
1,2,0.8946
1,2,0.5475
0,0,0.5362
1,0,0.8285
1,2,0.5707
0,2,0.7008
0,3,0.4983
0,3,0.3896
1,2,0.4832
1,2,0.8083
0,0,0.6765
1,2,0.3408
0,2,0.5651
1,0,0.4735
1,2,0.8858
0,0,0.6302
1,2,0.7525
0,3,0.5688
0,2,0.7322
1,2,0.604
1,2,0.7722
1,2,0.5619
1,2,0.4704
0,0,0.363
0,2,0.6569
1,2,0.3719
0,2,0.6351
0,2,0.7162
1,0,0.4565
0,2,0.7146
0,2,0.612
1,2,0.5802
0,0,0.4866
1,2,0.7993
1,2,0.5478
1,2,0.5721
0,0,0.7693
1,2,0.813
1,3,0.5385
1,2,0.5153
1,2,0.8169
1,2,0.5524
0,2,0.7451
1,2,0.4869
1,2,0.9145
0,2,0.8674
1,2,0.6144
1,2,0.8155
1,0,0.5557
0,3,0.4361
0,0,0.4232
1,2,0.6442
1,0,0.3367
0,2,0.5859
1,3,0.4573
0,0,0.5904
1,2,0.836
0,0,0.4798
1,2,0.6805
1,2,0.411
1,2,0.9556
1,2,0.6186
1,2,0.8943
0,2,0.8972
0,0,0.596
0,3,0.5663
1,2,0.9301
0,0,0.6433
1,0,0.7112
0,3,0.3826
0,2,0.6289
1,0,0.6176
1,0,0.3682
0,2,0.6239
0,3,0.5735
0,3,0.4296
1,2,0.475
0,3,0.3568
1,2,0.7746
0,2,0.8991
1,2,0.5103
0,0,0.9182
0,2,0.5045
1,2,0.7246
1,3,0.4322
0,0,0.4951
1,2,0.8951
0,2,0.7455
0,0,0.4962
1,4,0.3686
1,2,0.9678
0,3,0.5028
0,2,0.4672
0,0,0.5125
0,3,0.3538
1,2,0.9225
0,3,0.3422
0,0,0.9128
0,2,0.9239
0,0,0.5054
0,0,0.5716
0,2,0.6873
1,2,0.9261
0,2,0.6963
1,0,0.4813
1,2,0.8228
1,2,0.7645
0,2,0.8774
0,3,0.8039
1,0,0.5945
0,2,0.4097
1,2,0.5765
0,3,0.7439
0,0,0.6303
1,3,0.5744
1,2,0.8501
1,2,0.6639
0,2,0.7149
1,2,0.7629
1,2,0.915
1,2,0.8401
1,2,0.8331
0,2,0.8086
1,2,0.5592
0,3,0.6731
1,0,0.5055
1,2,0.8941
0,2,0.81
0,3,0.4887
0,0,0.5409
1,3,0.4393
0,0,0.7332
1,2,0.7893
0,2,0.65
1,2,0.8099
0,2,0.6423
0,0,0.7936
1,0,0.6822
0,2,0.7687
1,2,0.8853
0,0,0.4629
1,2,0.5762
0,2,0.5331
0,0,0.9129
1,0,0.4166
0,0,0.8007
1,2,0.9224
0,0,0.5912
1,3,0.5259
0,2,0.7414
1,2,0.8759
0,3,0.5357
0,2,0.5159
0,0,0.4863
1,0,0.4291
1,3,0.6403
1,2,0.799
0,0,0.3093
1,2,0.9058
1,2,0.8398
1,2,0.8534
1,2,0.8133
0,2,0.7099
0,3,0.8911
1,2,0.8042
0,0,0.4052
1,2,0.9053
1,2,0.802
0,2,0.4672
0,0,0.384
0,0,0.64
1,2,0.7782
0,0,0.2991
1,2,0.8132
1,2,0.5646
0,3,0.7855
1,3,0.3917
0,2,0.7687
0,2,0.7612
1,0,0.5305
1,2,0.6988
0,2,0.7964
1,3,0.7574
1,3,0.4726
0,4,0.3055
1,2,0.816
0,0,0.935
1,2,0.782
1,0,0.6634
1,2,0.8321
0,2,0.5281
0,2,0.8784
0,2,0.8622
1,2,0.5786
0,2,0.96
0,3,0.5446
1,2,0.8082
0,2,0.4578
1,2,0.7816
1,2,0.9327
0,0,0.6182
1,3,0.8539
0,3,0.5566
0,3,0.6934
0,0,0.6723
0,0,0.7855
0,3,0.468
1,2,0.4412
0,2,0.564
1,2,0.8625
0,2,0.8642
1,0,0.5375
0,0,0.7185
0,0,0.9621
0,2,0.8588
1,1,0.3044
0,2,0.6032
0,2,0.7887
1,3,0.3493
0,2,0.7213
0,2,0.4362
1,0,0.5849
1,2,0.9402
1,0,0.5015
1,2,0.6918
0,2,0.5166
0,1,0.5439
1,3,0.7313
0,0,0.9166
0,3,0.5159
0,3,0.4418
0,2,0.9398
0,2,0.8282
0,0,0.4647
0,0,0.8363
0,0,0.4134
1,2,0.7684
0,2,0.5478
1,2,0.8236
0,3,0.5071
1,0,0.6944
0,2,0.4269
0,2,0.8909
0,2,0.6202
0,2,0.7931
0,3,0.798
1,3,0.3924
1,0,0.3334
0,0,0.4766
0,0,0.6097
1,2,0.4579
0,3,0.813
1,2,0.9434
0,2,0.5138
1,2,0.9205
1,0,0.768
0,0,0.5194
1,2,0.94
1,2,0.8422
1,2,0.7795
0,0,0.4343
0,3,0.4509
1,2,0.8949
1,3,0.5743
0,3,0.7067
0,0,0.4888
0,0,0.5369
0,2,0.7413
1,0,0.7041
0,2,0.8154
1,2,0.7325
1,0,0.6058
1,3,0.5872
0,3,0.7164
0,3,0.518
1,2,0.6743
1,2,0.8186
1,3,0.4836
1,2,0.6048
1,2,0.461
1,2,0.8087
0,0,0.7751
1,2,0.7781
0,3,0.5376
0,0,0.7787
0,0,0.701
0,0,0.5375
0,2,0.8225
1,2,0.5006
1,3,0.4614
0,2,0.4224
0,0,0.9207
1,3,0.5759
0,2,0.5472
0,2,0.8643
0,0,0.3221
1,3,0.6083
1,2,0.8407
0,2,0.4205
1,3,0.5338
1,3,0.5207
0,2,0.4558
0,0,0.53
0,2,0.5847
1,0,0.6649
1,3,0.4501
1,2,0.5497
0,3,0.525
0,3,0.565
1,2,0.7798
0,2,0.5722
0,2,0.7861
0,0,0.5701
1,2,0.7055
1,2,0.5166
1,3,0.5658
1,0,0.4439
0,2,0.4883
0,2,0.6672
0,0,0.8812
0,0,0.8161
0,0,0.746
0,0,0.7847
0,2,0.8264
1,0,0.6734
1,0,0.5171
1,2,0.4731
1,2,0.8123
0,3,0.4742
0,2,0.4558
0,2,0.5106
0,0,0.9639
1,2,0.5111
1,0,0.6121
1,2,0.8786
0,2,0.9239
0,2,0.5422
0,2,0.6504
0,2,0.8484
1,0,0.5932
1,2,0.7622
1,2,0.776
0,2,0.359
1,2,0.807
1,0,0.7879
0,2,0.7753
1,2,0.6682
1,2,0.8193
0,0,0.39
0,3,0.5399
1,3,0.4804
0,2,0.4357
1,2,0.7814
1,3,0.3632
1,2,0.6629
0,0,0.7614
1,2,0.762
1,0,0.5384
0,2,0.5781
0,2,0.4663
1,3,0.5432
0,2,0.7508
1,2,0.964
1,2,0.9675
0,0,0.5573
0,3,0.333
0,0,0.6134
1,0,0.2563
0,2,0.5617
1,0,0.4731
0,0,0.4186
0,3,0.7673
1,2,0.4505
0,0,0.6009
1,2,0.9223
1,2,0.9844
0,2,0.7969
0,0,0.6967
1,2,0.7467
0,2,0.767
1,0,0.5468
0,0,0.5202
1,2,0.8727
1,3,0.549
1,3,0.5897
1,2,0.6356
0,0,0.5163
0,3,0.4981
1,2,0.5966
1,0,0.6249
0,0,0.4104
1,3,0.5882
0,3,0.7438
0,3,0.6834
1,2,0.5328
1,2,0.6556
1,2,0.3927
0,0,0.6921
0,3,0.7534
1,2,0.9028
0,0,0.6466
0,2,0.5222
1,2,0.5109
0,2,0.5783
1,2,0.9029
0,2,0.47
1,2,0.7671
0,0,0.8671
0,3,0.4356
1,3,0.5251
1,2,0.8461
0,3,0.5471
0,3,0.475
0,0,0.7511
0,3,0.6929
0,2,0.4443
0,0,0.4646
0,2,0.7478
0,2,0.6413
0,3,0.7028
1,2,0.9434
0,0,0.7315
1,3,0.5287
0,2,0.8267
0,0,0.4654
1,2,0.9521
0,0,0.3754
1,3,0.5464
1,2,0.7009
0,2,0.6965
0,2,0.5562
1,2,0.6155
1,0,0.5202
1,0,0.6454
1,0,0.5368
0,3,0.5052
1,2,0.916
1,2,0.8284
0,2,0.8939
0,2,0.5322
1,2,0.8394
1,0,0.6137
0,3,0.5374
0,2,0.4546
0,2,0.5365
0,2,0.8263
1,3,0.5652
1,2,0.9596
1,2,0.4217
0,2,0.7367
1,2,0.7667
0,3,0.7644
1,0,0.6067
0,3,0.5125
0,2,0.7888
1,2,0.3771
0,0,0.5459
1,2,0.9003
0,2,0.5412
1,2,0.4393
0,2,0.5723
1,3,0.4322
1,2,0.3449
1,2,0.6218
0,0,0.8052
1,2,0.9506
1,2,0.5959
0,2,0.6543
0,2,0.9041
1,2,0.7136
0,2,0.5088
1,3,0.4321
1,2,0.8355
0,0,0.5387
1,3,0.5689
1,0,0.4424
0,3,0.799
1,2,0.9088
1,2,0.5095
0,0,0.6916
1,3,0.4688
0,3,0.463
1,3,0.5141
1,2,0.9792
0,0,0.454
1,3,0.463
0,2,0.4924
1,2,0.8809
1,2,0.8898
0,2,0.5003
0,0,0.8928
0,3,0.5329
0,2,0.5453
0,0,0.7823
0,0,0.8151
0,2,0.634
0,3,0.3824
0,3,0.5158
0,2,0.7405
0,3,0.5438
0,2,0.4807
0,2,0.6199
1,2,0.8134
1,2,0.5866
0,0,0.8869
1,2,0.9248
0,2,0.9126
1,2,0.4413
1,2,0.5039
1,2,0.868
0,2,0.6649
0,2,0.4083
1,3,0.8862
0,0,0.8979
0,2,0.6395
0,2,0.8079
0,0,0.691
0,2,0.4988
1,2,0.9711
1,0,0.4077
1,2,0.8224
0,2,0.3949
0,2,0.6946
0,3,0.9007
0,3,0.5064
0,3,0.7726
1,2,0.6389
0,0,0.4689
0,0,0.6184
1,2,0.9721
0,2,0.7342
0,0,0.9595
0,3,0.5307
1,2,0.7809
0,3,0.5492
0,3,0.594
1,0,0.6024
0,2,0.4799
0,0,0.5876
1,0,0.7398
1,3,0.4977
0,3,0.7141
0,0,0.6478
0,0,0.6724
0,2,0.5654
0,0,0.6373
0,0,0.808
1,3,0.527
1,2,0.8711
1,2,0.5039
1,2,0.8005
0,2,0.4069
0,2,0.5139
1,2,0.5093
1,2,0.8926
1,2,0.9629
1,0,0.4884
1,0,0.5206
1,2,0.7982
1,2,0.417
1,2,0.9406
0,0,0.5904
1,0,0.3838
1,2,0.4238
1,2,0.9759
0,3,0.3863
0,2,0.5255
0,3,0.5724
1,0,0.5043
1,2,0.8164
0,3,0.6542
1,2,0.52
0,2,0.4545
0,2,0.4748
1,2,0.8856
1,2,0.4572
1,0,0.4191
1,0,0.6266
0,2,0.6965
1,2,0.6056
0,2,0.5922
0,0,0.6186
0,2,0.5251
1,2,0.9241
1,0,0.4847
0,2,0.7704
1,0,0.6918
1,0,0.4922
1,2,0.5518
0,0,0.3948
0,2,0.5599
0,0,0.8414
1,0,0.6126
1,0,0.7487
0,2,0.5578
0,3,0.4983
1,3,0.6134
1,2,0.6519
0,2,0.884
0,0,0.8654
0,3,0.4711
0,2,0.6994
0,0,0.6309
1,2,0.5927
0,2,0.4495
0,0,0.8979
1,2,0.8157
1,2,0.9022
0,3,0.458
0,0,0.7248
1,3,0.6336
1,2,0.3284
1,0,0.3918
1,2,0.46
1,0,0.6423
0,3,0.5031
1,2,0.8367
0,0,0.565
0,0,0.6661
1,2,0.9499
1,3,0.7591
1,2,0.8466
0,0,0.8802
0,3,0.4311
1,2,0.7273
1,2,0.5358
1,0,0.3728
0,0,0.4067
0,2,0.691
1,0,0.915
0,0,0.4281
0,0,0.4795
1,2,0.5691
0,3,0.6337
1,2,0.8308
0,0,0.9232
1,2,0.6387
0,0,0.7614
1,2,0.8925
1,2,0.9046
1,2,0.7632
0,2,0.7347
0,2,0.7403
0,2,0.9605
1,0,0.6961
1,0,0.7266
1,2,0.8075
0,3,0.4208
0,2,0.6002
1,2,0.8907
1,2,0.541
0,2,0.7067
1,2,0.7373
1,2,0.8236
0,0,0.874
0,2,0.5137
0,3,0.3896
1,2,0.9287
1,2,0.6668
1,2,0.8344
1,2,0.604
1,2,0.9641
1,0,0.7267
1,2,0.885
1,2,0.7552
0,2,0.6145
1,2,0.7478
1,2,0.4937
1,2,0.8556
1,2,0.9537
0,2,0.5867
0,0,0.8766
0,2,0.8634
1,2,0.8582
1,2,0.5908
1,2,0.8148
1,2,0.8792
1,3,0.4331
0,2,0.9688
0,2,0.6071
0,3,0.3737
0,3,0.6884
0,2,0.6636
1,2,0.6536
1,2,0.6795
1,2,0.8758
1,0,0.7954
0,2,0.6975
1,2,0.3653
1,3,0.7243
1,2,0.8965
0,3,0.6287
0,0,0.4896
1,2,0.9183
0,2,0.7783
1,2,0.5949
1,2,0.914
1,0,0.6369
1,2,0.879
0,3,0.6012
1,2,0.8608
0,2,0.9071
0,2,0.5819
1,2,0.5858
0,2,0.7027
0,2,0.8768
0,0,0.8201
1,2,0.8779
1,2,0.8259
1,3,0.4204
0,2,0.7714
0,2,0.8581
1,2,0.9033
0,3,0.5
1,2,0.7382
0,2,0.547
0,2,0.5731
1,0,0.8756
0,2,0.7772
0,2,0.4564
0,3,0.474
0,2,0.7899
1,2,0.8172
1,2,0.3698
1,2,0.3734
0,3,0.4151
1,0,0.426
0,0,0.4297
0,3,0.5566
1,2,0.5083
1,0,0.3993
0,2,0.7421
1,2,0.9279
0,2,0.547
0,0,0.6165
1,2,0.5189
0,2,0.7696
0,0,0.9425
1,0,0.8221
1,2,0.4953
0,2,0.768
1,2,0.7093
0,2,0.4163
1,2,0.8865
0,2,0.6284
0,0,0.5621
0,2,0.4419
0,2,0.4253
0,2,0.8807
1,2,0.8825
0,2,0.7672
0,3,0.8263
0,2,0.8458
0,3,0.4711
1,2,0.7381
1,2,0.6573
0,2,0.7555
1,2,0.9321
0,0,0.6798
1,2,0.7079
1,3,0.4054
1,2,0.8913
1,3,0.6075
1,2,0.5975
0,0,0.5896
0,2,0.4843
1,3,0.505
1,2,0.9312
1,2,0.8537
1,2,0.556
0,0,0.6878
1,3,0.6688
1,2,0.3853
0,2,0.6559
1,2,0.5592
0,2,0.587
1,2,0.9494
1,0,0.4994
1,2,0.8654
0,2,0.8782
1,2,0.6773
1,2,0.4809
0,0,0.3913
0,2,0.4779
0,2,0.6641
0,2,0.713
1,2,0.5574
0,2,0.8487
0,3,0.5013
0,2,0.6571
0,2,0.84
1,2,0.8953
1,2,0.7203
1,2,0.6738
1,3,0.3765
0,2,0.7443
1,2,0.9341
1,2,0.5843
0,2,0.824
1,0,0.6018
1,3,0.4989
0,3,0.8544
0,2,0.5982
0,3,0.5585
1,2,0.6607
0,0,0.5928
1,2,0.9705
1,2,0.9434
1,2,0.8809
0,2,0.7686
1,2,0.8771
1,2,0.5121
0,2,0.5665
1,2,0.8995
1,2,0.7086
1,3,0.9066
0,0,0.8975
1,2,0.7817
0,2,0.7051
1,2,0.7658
1,3,0.5233
1,2,0.936
1,3,0.6005
1,2,0.7306
0,0,0.9178
1,2,0.6765
0,3,0.9031
0,3,0.4016
1,2,0.7568
0,0,0.6424
0,2,0.7798
1,2,0.753
1,2,0.9498
0,0,0.7772
0,2,0.9155
1,2,0.9679
1,2,0.8912
1,0,0.7156
1,3,0.5947
1,2,0.9084
1,2,0.8695
0,0,0.323
0,2,0.4992
0,2,0.4174
1,2,0.4717
1,2,0.8571
1,2,0.9373
1,0,0.9332
1,0,0.8866
0,3,0.5592
1,3,0.4686
0,2,0.4575
1,2,0.7129
1,2,0.617
0,2,0.4706
1,3,0.4656
0,2,0.9652
0,0,0.8871
0,0,0.6726
1,3,0.4677
1,3,0.3985
1,0,0.7626
1,2,0.4719
0,2,0.7456
1,2,0.4315
1,2,0.8268
1,2,0.8575
0,3,0.38
1,2,0.6404
0,3,0.8042
0,3,0.5635
0,0,0.7295
1,2,0.8399
1,2,0.7216
0,3,0.4821
0,0,0.4066
0,3,0.5515
0,0,0.5945
0,0,0.7064
0,2,0.4734
0,2,0.9147
0,2,0.5467
0,2,0.4972
0,0,0.8598
0,0,0.8984
1,2,0.7898
1,2,0.5595
0,0,0.5968
0,2,0.5923
1,2,0.394
1,3,0.4955
1,2,0.8948
1,2,0.9779
1,2,0.4829
1,0,0.672
0,3,0.409
0,2,0.3939
1,2,0.6614
0,0,0.7457
0,2,0.6967
1,2,0.7598
1,2,0.9258
1,2,0.9088
1,2,0.7536
1,2,0.4789
1,2,0.939
0,0,0.7523
1,2,0.9551
0,3,0.4942
1,2,0.6808
1,2,0.8179
0,0,0.3622
0,0,0.3799
0,0,0.5766
0,3,0.5613
0,3,0.5124
0,0,0.9061
0,2,0.9207
0,0,0.8298
0,0,0.3587
1,2,0.5679
0,2,0.9056
0,0,0.839
0,0,0.8063
0,2,0.6818
1,0,0.4138
1,0,0.4109
0,3,0.543
1,2,0.7792
0,2,0.7015
0,0,0.8754
0,3,0.569
1,2,0.7097
1,2,0.654
1,3,0.4974
0,3,0.6105
1,2,0.5685
1,2,0.9348
1,2,0.728
0,2,0.8216
1,0,0.595
0,2,0.4724
1,2,0.9583
1,2,0.9602
0,3,0.414
1,2,0.7379
0,2,0.599
1,2,0.8223
1,2,0.942
0,3,0.4994
0,0,0.8605
0,2,0.8046
0,2,0.9331
0,2,0.5171
0,0,0.6474
1,2,0.9382
0,0,0.8147
0,3,0.4201
0,3,0.5688
1,2,0.8018
0,2,0.8124
0,3,0.5376
1,2,0.8415
1,0,0.6951
0,3,0.4584
0,3,0.441
1,2,0.9217
1,2,0.7848
1,0,0.4928
0,0,0.8512
1,2,0.7315
1,3,0.5234
1,2,0.9402
0,0,0.5096
0,3,0.5293
0,2,0.5881
1,3,0.5745
1,2,0.9152
1,3,0.414
0,3,0.5796
1,2,0.8126
1,3,0.8783
1,2,0.7043
1,0,0.4052
0,2,0.8087
1,2,0.6777
1,2,0.5702
1,0,0.9086
0,0,0.7492
0,3,0.6523
0,3,0.4845
0,0,0.5022
0,0,0.7344
0,0,0.9566
0,0,0.5448
0,2,0.8351
1,2,0.8695
0,2,0.8505
1,2,0.8634
1,2,0.6709
1,3,0.5091
0,0,0.499
1,2,0.8962
0,2,0.8385
1,2,0.6014
0,2,0.5049
0,3,0.644
1,2,0.7117
1,2,0.4889
0,2,0.7074
1,3,0.4955
1,3,0.4413
0,2,0.6906
0,2,0.6493
0,3,0.5512
0,0,0.5392
1,2,0.8907
1,2,0.5844
1,3,0.6182
1,3,0.6743
0,0,0.788
0,2,0.9282
1,2,0.8541
0,3,0.7345
1,2,0.7767
1,2,0.8108
0,2,0.8446
1,2,0.7378
0,0,0.6671
0,0,0.6363
0,2,0.8261
0,0,0.4968
1,2,0.823
0,3,0.6775
0,2,0.7411
0,2,0.8956
0,2,0.7612
1,2,0.6318
1,2,0.7547
1,3,0.4344
0,2,0.7964
0,0,0.7404
1,2,0.9167
1,2,0.8434
1,3,0.8047
0,3,0.6833
1,3,0.653
1,0,0.5065
1,2,0.424
0,2,0.5758
0,2,0.4862
0,2,0.754
0,3,0.7219
0,0,0.8306
0,2,0.8927
1,2,0.5788
1,2,0.8979
1,2,0.9617
0,0,0.7306
0,0,0.7281
0,2,0.4361
1,2,0.8076
0,0,0.8427
0,0,0.8401
1,2,0.8697
0,2,0.8193
1,2,0.7104
1,2,0.3886
1,2,0.6888
1,0,0.5698
1,3,0.8606
0,3,0.5189
0,2,0.6992
1,2,0.9185
1,2,0.57
0,2,0.8698
0,2,0.8235
0,0,0.7565
1,2,0.5031
1,2,0.9089
1,3,0.3389
0,3,0.6433
0,0,0.7434
0,2,0.7425
0,2,0.5495
1,2,0.824
0,0,0.2954
0,2,0.6464
0,2,0.5235
1,2,0.3703
0,2,0.7326
1,2,0.9453
1,2,0.91
0,0,0.7884
1,2,0.5803
1,2,0.9324
1,0,0.7738
1,2,0.9043
1,2,0.5734
0,0,0.9286
0,2,0.4403
0,0,0.8977
0,2,0.8173
1,0,0.508
1,2,0.9107
0,3,0.5906
1,2,0.8327
1,0,0.4411
0,0,0.6808
1,3,0.4286
1,2,0.635
1,2,0.8957
1,3,0.6769
0,2,0.4125
0,2,0.5614
1,2,0.3729
1,0,0.7532
1,2,0.456
1,3,0.5748
0,3,0.7212
1,2,0.3506
0,2,0.8049
0,3,0.6719
0,3,0.6886
0,3,0.5022
0,3,0.5893
1,2,0.5561
0,3,0.4345
0,2,0.502
1,3,0.5928
0,2,0.7401
1,2,0.907
1,3,0.695
0,0,0.4647
1,3,0.366
1,2,0.604
1,0,0.7609
0,0,0.7472
0,2,0.7116
1,2,0.6545
0,2,0.8656
0,2,0.3882
0,2,0.6571
0,2,0.5792
0,3,0.4982
0,3,0.6873
1,3,0.4355
1,2,0.8488
1,2,0.485
0,2,0.8391
1,0,0.6593
0,0,0.6576
0,2,0.8208
0,2,0.9579
1,2,0.8801
1,2,0.7986
1,2,0.7144
1,0,0.797
0,2,0.681
0,2,0.8525
0,3,0.5567
0,0,0.5221
0,3,0.6108
1,2,0.8226
1,2,0.6148
1,0,0.5898
1,3,0.5969
1,3,0.3755
0,2,0.7452
0,2,0.7079
0,0,0.5321
1,2,0.9417
1,2,0.7797
0,3,0.4244
1,2,0.7155
1,2,0.9192
1,2,0.5066
1,3,0.3454
0,2,0.6326
1,2,0.5285
1,2,0.7732
1,3,0.4432
1,0,0.4578
1,2,0.4824
1,2,0.88
0,0,0.6636
0,2,0.4344
0,0,0.559
0,2,0.9132
0,2,0.7446
0,2,0.4709
1,3,0.5685
0,3,0.487
1,2,0.4882
0,2,0.6905
1,2,0.4924
0,0,0.4606
1,2,0.6924
1,3,0.3751
1,2,0.8197
1,2,0.9
0,2,0.7919
1,0,0.5081
0,3,0.5938
1,2,0.6473
1,2,0.4704
0,3,0.3528
0,2,0.5127
0,0,0.6168
1,2,0.7948
1,2,0.3633
1,2,0.6999
0,3,0.5728
0,2,0.4545
0,2,0.6669
1,2,0.9075
1,2,0.8565
0,3,0.8531
0,2,0.7474
0,2,0.4723
0,3,0.3825
1,2,0.7831
0,0,0.3141
1,2,0.6402
0,0,0.6505
0,0,0.8472
0,2,0.8012
1,2,0.6421
1,2,0.8562
0,2,0.5606
0,4,0.4536
1,2,0.9655
1,2,0.7396
1,2,0.9627
1,2,0.9244
0,3,0.4027
1,0,0.5793
0,3,0.4862
1,2,0.8409
0,0,0.6839
0,3,0.8816
1,0,0.7231
1,0,0.8949
0,3,0.5773
1,2,0.459
0,2,0.4451
0,2,0.6811
1,2,0.8247
0,2,0.4351
1,2,0.8952
1,2,0.82
1,3,0.5036
0,0,0.6462
0,3,0.49
1,2,0.6537
0,0,0.5198
1,2,0.7387
1,2,0.6775
0,0,0.3583
1,2,0.824
1,2,0.8394
1,3,0.711
0,2,0.8053
1,4,0.4796
1,2,0.9796
0,3,0.577
1,3,0.6693
0,0,0.82
1,2,0.7274
0,2,0.8911
1,2,0.6646
0,2,0.6201
0,2,0.8768
0,0,0.9206
1,2,0.9143
0,0,0.7199
0,3,0.8756
0,3,0.5624
1,2,0.8194
0,0,0.4966
1,2,0.4737
0,2,0.5995
1,2,0.8493
1,2,0.6915
0,0,0.5104
0,0,0.662
